UR OF R,UR OF CR,UR OF OE,UR OF NOI,UR OF FCF
153.3398970525,13.77910161,18.6652147963636,5.09242147666667,84.04015619
2001.1099720325,1464.27917408,1136.26999135107,10.5242742291667,1707.32586011556
10.2587248588637,0.2833771025,3.7341587225,0.0876839196428571,9.16680452636364
36.4099277600002,14.6649682925,2.27934113,2.26548294014706,54.2876476191667
2870.35037280028,560.139054173611,398.675089762501,12.66891974,2719.3190715625
44.6226377469444,282.1920957275,7.69969623361111,0.189674331071429,10.3637161877778
4948.746303035,93.9417761666666,6139.985030915,608.054152765,377.687843793269
268501.772500001,41359.6043181819,43045.2,2897.09,210657.456666667
24.79404475,1.07262329,19.65548581,0.0370861225,16.7913405357143
4263662.24,986850.6025,274590.085,121086.082727273,2047536.2025
68389.87857529,18777.73360729,1754.9150496825,3.2744834225,55194.1670293025
31096889.31,2708650.4125,6609057.97805556,56868.64,4539909.90431818
1156.2061777925,318.794932066944,518.47971868,0.694408858863637,187.844523767955
1896874.783178,1581909.36957598,6888.13333171271,153.2530389025,27897.2562009469
663343.475227272,473366.5625,85515.2827272728,41409.4444444444,644077.14
5949.48642499999,1213.70504874472,4731.613634,47.8421809975,32897.3651125
3425.06182521,784.044593385456,559.706826045555,16.8721759925,897.79263189
100258.146843182,23668.1939999999,4383.047475,13711.2410821429,77110.7885
605.773732625,426.92448191,6.36333489138888,1.8574939525,15.75886641
411.33268125,8.63396885583333,88.6093964509088,3.8753791125,680.736544180278
3678.548127,67.44480319,56860.0955076025,35.5181706758333,393.31470526
88168.4715384615,6226.47916666667,10415085.56,2247.84096153846,36502.7025
79.5354350281819,28.6418379691667,32.38334681,0.0218357558333333,19.2622182043182
17527.2414,2830.52431071428,8502.1016,37.4198647058823,1248.9231
588456.166933333,167111.835566667,16671.600475,95.1296307692307,1595970.33685833
19.3024560770455,1.15945187666667,5.1976593825,0.00412369173076923,28.851705915
2126.7230154825,191.703762546944,656.2409769025,18.93338659,298.833202343333
38825.3291666667,33341.3806818182,78172.17,11611.2328571429,545307.993928572
20412.05756945,8730.90129651361,637.27845906,2.8849696325,5431.3484154225
4425.79266857334,1518.67945771273,203.836874655833,0.12875249,472.580511120682
2.35144811,0.456475714285714,21.0416662775,0.0126995555555556,7.0812513225
516.852183583333,111.747615395556,2213.4516849825,1871.07113849393,932.655533555556
11765.4764190752,1183.06267918917,1741.30746352333,51.90275104,4514.56615777889
11.85662405,2.11054556555555,3.22677017805556,0.00748665,1.89147112557692
1173.80972880111,591.395305944166,127.188070985833,46.0482194608333,413.88557514
1.5762479025,0.03631601,0.269941385454545,6.14389472842105,6.66396443159091
82308.6899999999,22794.985,36598.6113888889,282704.143333333,7232.53230769231
45.6169674233333,4.51484519,100.5236186025,3.56152269,26.41973773
1091.68777826695,532.65349621,88.2791357766665,26.2806523925,3328.6422110625
158.79350465,66.03573198,7.27422362000002,1.47516505,124.382078694444
441276.465,46705.1875,226148.189166667,3865.05,104201.13
31101231.0669445,1373678.25,8580003.75,6353.7125,1705963.94068182
191331.97085813,49790.00610764,13234.0660641247,479.45266776,464363.329029662
4281277.99,99853.1784615386,18446.375,10865.5833333333,1742204.285
42.7355165069444,16.4942903780555,1067.88833139,0.0115499861363636,11.69410776
88665.0008613637,46375.8721019232,57355.1026535714,1114.65705454545,69228.3433522727
19.7479298352273,0.430467444444445,0.900087862499996,19.1766369166667,18.5838392825
11.976435215125,3.05511419823333,2.3983622948,0.004871382775,1.9972
14.8391018225,8.43257817250005,6.08433729,0.11006794,7.86318688583333
540.263299201112,133.783717666667,121.31817125,0.2732853025,33.4557060625
3760.24442172727,2527.50903892068,258.346304039167,23.34172425,216.89464914
215.816483673611,242.64169541,7.53528903272727,0.109937266136364,63.5677181025
102465.573636364,5670.04555555556,644.606666666665,324.836923076923,144821.173333333
172.525075023333,125.734575776667,366.8343947225,1.31984081,460.354846560962
421548.089177139,13607.8504201339,119779.48685234,83.1075139233333,192423.67883264
87494.3485217989,88152.3373113334,280.613515587115,304.21988286,9611.34909308
63583.311590909,6089.5625,98110.61,2221.18613636364,266277.323333333
344313242.8975,131706691.8125,1815019.35583333,21127.5191666667,68454518.49
14364.3471361111,76.2109138888889,3929.86588571428,48.045625,20604.8967857143
119.577943293333,31.8120552669445,0.5293340125,0.0643840752272727,23.4877849447222
54348.2972006989,13347.6243046355,5597.18444968999,126.3105794,9684.17734564556
22697229.6733333,2481071.125,5919663.73583334,206293.08,1192414.4025
19730.33399564,9062.28689113,7901.5818419625,8.65576349333333,6882.5723460125
69053.0796415833,33635.26896396,12486.9915079625,48.5080882,11982.22077345
831257.315655557,576917.567122222,183156.593475,197.567225,20907.3412076923
1634.33978129,24.1248678888889,78.9059600724999,93.74561832,895.478352285
48306234.5733333,36688440.8011111,433466.766944445,246.2225,485936.639166667
4666.38309953361,2803.5751854025,4970.9765026025,43.79382925,384.745278312727
416412.517045455,93515.9975000001,6744.24000000001,84.85,91641.8945454546
8625576.09750001,7915512.66000001,37259,79752.2453571429,481471.786136364
193637.179156206,48843.8561546775,69255.1440763126,13.1287324455556,34365.4265592892
10886.5816856988,1061.2749751125,14138.0275600622,14.7885993433333,3300.34978151083
40826.58,17901.2625,4826.83522727273,82.9166666666667,230268.766944444
56217.62044672,33167.7112954625,2139.42481180251,5.04797709138889,4797.01713472889
26408.9229949003,9606.69943804888,1088.81236225,1.0921083225,2258.3878989
4064572.8125,1059516.25,872620.3125,5669.61,98143.5833333333
7186.6618344425,3595.47444689,43.3197659125,0.104711360833333,1124.60488394472
1427605.36,82981.3471428572,3154673.1425,7113.5825,2082418.46222222
150.6210380025,56.2821022218181,15.2015214766667,1.32937858777778,96.46786614
143912.57942621,28272.4407061625,13231.8457082925,1119.65607780364,64946.60152801
144580.957822222,6798.200625,47095.7318250001,2904.4873,188747.911762123
122.9239407125,17.1895901843182,33.9608436510715,2.07538136916667,49.8502426558334
17874.0744,2730.597775,1737.45471111111,18.345825,12525.814725
5619.23605176922,3742.13227676249,858.280177840276,8.62993241500001,14483.6213986525
6.35954157363639,0.850595222500002,8.04062815886362,14.7462662066667,21.3429004225
2028237.2225,45164.5627272727,630262.0725,15614.4988888889,1674572.09
162433.564854063,99386.8115425783,3906.24759761001,7.53854153583333,13287.0785461525
553771.377336112,352752.424336111,28407.1178472222,18843.0829661765,7799007.1734
35029.31992451,825.16568625,19567.26705641,43.7415723825,2394.94837334417
122.6605253725,51.7406608402778,187.5059702025,1.55948961111111,9.15670782333333
98322.0321981301,11773.7492137861,11702.4510377308,460.627286613637,52342.0763527289
1.56322771272727,0.812734840000001,1.78458515666667,0.0030139375,4.4932954225
19712.0849102167,3347.4252560625,2136.12792454,34.1894048134091,34542.8236524225
9959.70312500001,2794.75352499999,969270.1196,61.8707636363637,3812.83921774977
59.960299766625,1.7737628016,101.39468835485,0.879669222291667,2.72759993877045
1470918.0625,3608.76694444444,22065.85,47.7479545454545,2076025.96
84462.7757463963,21858.4902923511,36996.2292222225,3112.907854785,8012.15329953887
985.9318334025,288.2230232,186.6959294225,0.119550951388889,61.9612740114285
44129.6873680224,8619.23460571251,6864.5737636114,74.0210810000001,8529.23803827805
1050.85164323077,603.343681964999,546.440261138889,11.78648881,723.936456773637
2691.22375714286,594.082882142857,898.716900000001,179.473825,172.2509
521.358292411389,342.3258586025,20736.16684121,6.34921289,679.453773026786
13048.3920241111,6784.34734348445,213.204794742499,1.53793573159091,5621.043361135
0.582880836,1.164854367975,1.9190528944,0.0004000993375,10.2980618726714
4260.03905867805,87.2716670525001,1262.6969741125,5.43154411909091,3493.08762291
4479.79141332076,6249.05836911,27216.5063383975,32.9342700625,13861.3752484456
3029.04647692667,4161.0562151125,73.2417925570455,4.10766241583333,192.610779856667
6845.89428181821,1141.23494166667,203.569358333334,22.7169723684211,21838.0544694444
125255.21,23612.4136111111,19935.0833333333,931.084318181818,160004.100277778
1203.15486173778,175.2093650525,285.449781031071,105.459193276786,185.15481471
3661.05710316917,962.917886981428,15.703221,3.2659144125,1145.223985285
1087.7275885625,510.50466275111,55.04909705,0.0708907925,3291.6233524
420568.786725,185735.949466667,1536696.023625,8620.78769166667,157559.53635
183.41730424,3.86200582249999,1497.00681461,1.21878189,79.45627054
11708.7386043125,514.608558795455,5318.77001772917,70.374817375,13013.3265678767
11928.914325,1696.77647954546,4352.90035833334,29.3110666666667,12296.6971272727
5040.38772424471,1222.8212119025,3934.43195975583,19.29393852,16134.4834462711
41604.5206775479,28693.5628566667,9462.80817465,42.3188368939286,4375.1366341925
10031.9875044934,6252.1376758275,15536.25054194,0.409711334444445,706.118994976667
484.503257955833,102.208142987778,7.41256525000007,9.08760924416667,194.056131043846
31.3518971661364,11.8912849788889,16.59209231,0.402338146944444,48.8321397447222
112629.509824307,70993.0859540001,865.297610386138,31.7994972691667,9279.8978849102
8951.00476978285,19.489552085,2212.79172384027,0.798489910192308,343.022674440001
3275.55089908028,383.41193541,1581.4263823625,1.84227133333333,110.024185149773
1875.53211720712,465.586132498827,47736.15716217,154.5816048025,2638.77254770455
139224.495769917,72917.0415127858,4578.53410400695,35.9660031309091,56958.4682203454
405424332.258056,124296555.81,52561992.5469445,36791.7447222222,33849881.7002778
89.3287322599997,1.46974480249999,149.390355400278,11.6116815332692,248.2146512625
2121.136027,51.2618831388889,445.500102365358,2888.63453588445,992.137084162498
38282.8015384616,13119.8853326923,3898.99769230769,406.030909090909,10853.0666222222
843.585331751536,440.723116976669,818.402599828183,7852.0617763625,968.1228276625
112829.367580486,100922.76359304,212.338969685833,16.3202712625,3982.5329401625
558.849311570001,153.405768869167,274.949785813611,1.22850739,313.123160739167
195.285958289999,2.1724144406818,8.59013284999999,77.4587128215385,734.027299672498
877.334554071737,92.7318743763465,2314.6861857125,103.193424535714,778.624126222501
476242.708181818,51373.3627272727,46741.84,163.985576923077,205924.166944444
162631.825625,76938.9982181819,8280.16066944446,1398.23143333333,38021.5958333333
52912.2686694445,4449.16445555556,9765.65855833335,56.1071769230769,6067.9929
60408.7000000001,3942.50249999999,26171.4354545455,19091.0266666667,87993.735
2389.85761365,69.0833148899999,1247.15457813,6.55171827392857,461.415775698889
1113.37933397333,9.01077806249996,2646.16288105583,2.94819410416667,407.460876270832
5326.55138840029,561.554220692497,2388.49165860999,8.77527106,2854.63138305091
85630833.96,22925276.6944444,11561476.1180556,461093.331730769,2262736.2
5.80552471153846,2.28358661,3.11499219886364,0.000503023333333334,2.51495664
174.0173885625,138.236447666667,25.8531163301924,24.7592179358333,194.0386345
1911085.42537337,542602.876759242,139048.967876934,9786.905814365,50701.8443605933
9011.98766256386,2030.25252088712,1310.84061899077,31.5697496525,493.16990229
0.446281652625,3.51883182631072,1.19592996087273,0.269956591458333,1.398806835225
130.7388216025,82.090529169167,2530.6539754275,0.5746509375,59.6691633958333
665.003902392502,417.5727332025,2.93514371000001,1.62045524431818,127.7683585225
3471.6687195625,26.02381149,50.5034611730768,3.33493346777778,6455.74425609
55767.529729911,19870.9375611442,27198.328352625,2788.9181081775,45619.3293461389
2127856.56243237,1809799.95175945,8071.16290058431,97.3839698181818,54798.5798201918
247024.695767158,137196.906874956,15263.8470461275,323.653662635,49135.318580815
218.014595317143,132.446561076346,58.27473536,54.08718781,89.2720591780556
2.08463111499999,0.278025169166667,1.76355221,0.707633642352941,11.9255525206818
5503.7055121125,396.7332244,38751.8472509375,23.8927429825,2344.82016871769
82502.3026986799,71258.9251000453,69962.12296712,907.156751304318,58719.25398364
282919.853105812,6081.21177790028,119639.28227684,2085.27069974333,793219.115476472
441276.465,46705.1875,226148.189166667,3865.05,104201.13
129692.912952923,52017.7304728544,182855.321012802,72.1582208125,129709.157549896
1776.6,14.9925,598.416666666667,7.92923076923077,10218.8544444444
4212.9006105425,481.92833618,2201.66975025,45.26778919,98.4759441691667
1780.39686005001,847.832310610008,1049.1918932825,3.2115533125,1401.85072695886
96.7391146457143,8.67618825,317.665895,1.30214918821429,96.5737359418182
1026957.02083333,221944.311590909,287967.138888889,5421.57818181818,165053.047954545
4056.25710084,251.591377795556,2983.665318835,5.04329824333333,432.95918385
978.86986481818,243.563761011591,27.1131992799999,1.49608623583333,3035.15117311111
740.3007159,96.9521732925,196.6542416625,1.38613745,58.7121395913889
3.26544878,0.8162305025,0.1315591125,0.64487306,0.928636555833333
153.22085676,27.4294509934091,36.6544805,10.4475405657895,351.112317585833
85630833.96,22925276.6944444,11561476.1180556,461093.331730769,2262736.2
75.6169400000004,46.3803727497727,104.2066702,0.0228241486538461,28.1324360933333
138656.673611111,12027.25,7139.29333333333,123.382222222222,1709475.2825
14411.1697031736,10859.7929702025,372.24702416,9.0105917725,7529.86233631
14724.509551758,9479.47711549999,139441.914925027,1137.3680540475,1408.51321382
62220.3386916667,34659.870225,979.980624999999,2145.18687272727,11518.6014472222
26403.6425207247,7882.6541376725,38594.9420889375,29.8976701486538,8200.78039413361
122362.473627323,105026.465500232,799.237345817777,12.3625662225,4211.4699140525
220892.267479,57127.8424649233,1678.9219388775,409.7913613225,81986.3636365155
555.764096982802,59.2223459495999,181.2111370685,4.02663430916666,479.6704540731
985.511456792499,44.0868964166665,223.67007104,21.9974906,5704.7567117925
100767.765763023,2691.25508401,37960.2844790025,1392.73869283583,26576.57380176
19250.7285082693,9973.10004954,1040.54263547806,387.068267924722,8624.4070760475
12129.9701082957,6460.64206589,194.67379729,27.01683159,623.898013873333
189.418264593409,93.22516945,9.24798844535715,0.3481988025,33.7491186491667
1798.26352088,192.694887226667,1186.27125696,23.7342869913889,2854.0128596
11239.03880489,13172.1911454149,295.501888776667,14.6525339191667,2022.15456134333
2945.42990891361,105.41482924,533.043140366944,134.232548927647,685.82067896
7810.74011164,27.5098596581819,3006.8391320225,139.037443754286,628.173168029773
47.19680039,28.7870108775,9.16870902666668,1.12552742613636,282.395864979167
401178.478055556,112396.276666667,74862.9166666667,1305471.10795455,56033.6525
4.00124269333332,2.34321405444444,0.10444473,1.04222095666667,10.98726874
30979.1369968099,27015.7360020225,4974.59829255706,224.35208356,84619.9087504
494.1145215025,731.8772436725,13744.8331406233,128.476762596364,1264.86113914909
2662.92507075667,1819.19041926917,326.4847410975,98.6078233788889,994.829098053637
163648.185084217,63516.9044549625,38575.9169095225,1554.99115329889,5321.6751826025
962.719770375,300.59988546,47.0130553447222,0.389554778055556,59.9959947418182
149378.196788513,113886.861859201,3604.19435365249,1332.0103825625,305694.469401723
5.88708891250001,7.61295041000001,0.72879699,0.03700068,2.43211051666667
1697.9374829725,36.3148564038462,507.2339655025,875.164152145833,892.258219788461
48.8211588284613,18.3455440115909,42.0218453225,7.49744124,98.3737222
15.7828287481,5.62267961678571,2.10876259293334,0.0874236544444444,4.14165354309643
36.4099277600002,14.6649682925,2.27934113,2.26548294014706,54.2876476191667
13.72590144,4.587289165,2.78783682333334,0.16642426,24.327890765
47825.3665654582,23404.6779062293,111940.85828079,2103.02236054472,29180.95183224
67455.8103360001,991.6215679225,96959.3384947144,487.247459095357,44379.91046129
48678.9093871237,25182.8144886873,3043.65447042334,369.91885276,3085.6908765725
97853.4283691025,98515.4185190068,14.8802143402777,3.22363783159091,3310.85319138068
2000.1214392025,1152.11431091,54.8423068358334,0.20146979,762.89881509
19626.6529797025,1318.86732766667,2969.60070096,1122.27455140706,32900.3047479596
49364.4564108725,9061.93891687668,5939.82533820583,653.794261071818,5468.18122859
376.0679758125,13.2893853891667,167.90199811,0.0239458625,73.2957825025
2.62129866898889,0.165299766625,0.698998750974999,0.00109055793333333,1.35924265537778
434.556094366944,74.64346021,111.254193113611,0.4525545225,33.01912376
10427.0659302711,11167.4851879796,49580.6788176181,297.314769985833,7915.2601796475
34.4640813097805,16.4020775409091,5.008255005975,1.94699935916667,10.6782505958028
16861.1102871925,2413.61238224795,1342.80532933,417.980202935,2309.81185025667
248.1183555225,12.9892178402778,48.26448444,0.406999969166667,155.6711551875
17759.2449684358,5627.46027195111,853.294082124999,0.21049711,6479.26689086
2940.15292584,1773.63510582472,122.4829157275,2.72481761142857,163.208129804318
441276.465,46705.1875,226148.189166667,3865.05,104201.13
1484430.93035,287447.968671428,437094.7879,190278.921236364,255172.89365
1268101.90865385,211765.915357143,311294.3975,16750.1310714286,633539.1125
451967.181818182,235979.035454545,151498.71,8890.67666666666,7453.63583333334
254.223160100278,58.5691124125,217.78029609,0.0332081988636364,145.925692049773
1450.89844738222,770.063698459999,187.330556913611,1.35156324416667,254.222501794808
48614.5364207358,6555.02702958333,3591.57793169886,1.79974798545455,36368.4411477733
1470.80256995583,806.061424713609,29.0070858649999,1.11252086142857,147.228751100278
80.8794718200003,24.6389773725,5.73849179636361,1.8872963625,276.4725955275
1038.33358744,831.111319112224,12.4852989115909,3.13816380027778,2012.77674976
21.862428928125,21.278794202,2.913896653025,0.822664710113888,36.2549130229341
4.57132006613637,0.392640846363635,3.61126557571428,0.00939547666666666,6.56892841666666
181868.677638462,162615.620769231,595.715300000001,38.724775,10279.224
18613.7116450869,9233.62683956002,624.531915217143,20.9933410225,922.072367978056
7.98575053000002,2.75747306795455,0.172173285833333,0.010420035,4.4886254975
305.8582391625,105.968175159091,11.8974096925001,0.01506117,89.76650504
12.5048955781,7.0038608913,22.8596857969,0.015739858225,1.226793660025
954.550805678574,527.218342866943,8.5334602625,0.229249400277778,366.897737821429
5.83235005090909,1.61926225,1.90440386083334,0.0325856625,49.9074682525
390.781772128178,66.3320302425,71.9952840430251,2.581203332225,66.3034303980556
181.629303062499,20.9811471224999,463.897819426666,1.45396791222222,195.718262916667
115.224372223334,41.8402870000001,30.26882558,0.0042009336111111,244.3587436
20439.67152508,2666.4954506625,2224.919986385,6.42502230285714,27009.2304410625
2043.80398958333,282.004850988214,308.94754796,494.0267446875,274.755632261428
8.77557968784722,1.55108693222222,1.441509030775,5.799451322025,52.2034182969
14867.641639947,6806.08437849,2475.182906135,4.0606679125,2359.33967035583
2.81050946142858,0.0336441111111111,25.39095569,75.5619596206818,6.0285096125
10353.0189006767,2857.4753263,307.92777625,305.6465002925,10516.8967667498
1939.81209279555,80.1471155418182,289.78646161,54.3090959739286,2014.00616536364
23.4617409669444,6.21570438068181,16.31804426,0.0825797291666667,8.31075897
185651.96239281,93071.4351435418,37078.11111471,108.97482725,10590.1592433378
7553.96125682667,21.1924646677778,9293.54885513889,25.8836261641666,3949.66613529333
461.0507953275,62.4974709725,197.03252265,2.99941939583333,115.35255029
31.9393175555555,2.86474517,36.1625434685714,0.8414843625,11.2833924327273
82308.6899999999,22794.985,36598.6113888889,282704.143333333,7232.53230769231
1.32577313888889,0.721084395833333,0.581196465357142,0.2560678225,0.7114776025
24575.3463187292,6976.07218967666,7034.04867111,150.23886764,18090.8908250625
87.3615270225,4.37354592250001,90.641484875,0.138606648888889,26.3110206625
113.04077505,11.5854750752273,14.5883531406818,0.108830977272727,42.8924235211111
33.6787678925,11.4391184984615,7.7195579582143,0.0328640011111111,31.2085506666667
1647.55537333778,953.597733404443,31.6384578924999,1.20979815107143,624.84213593
549.2626165125,41.5613120899999,964.709167993927,20.8114159225,400.015752977273
1484.04997225,464.4644209375,1014.79011164,0.609825226666667,328.549967844167
20.6005756625,0.523234828461538,15.19139344,0.447373411428571,7.6905936925
79.61904565,60.8669300500001,2.94957311111111,2.74977125,57.259059
209881.593824618,75827.807706562,3257.87483369583,23823.3787799829,158116.593748172
23.5002963733333,19.119902599091,7.24421955250001,0.0010494,8.77236235666667
3179.97043776923,349.531484384853,804.635011589999,370.896145244722,17236.4791208275
5471.757,2146.922625,1091.2716,40.1334472222223,17994.8517361111
8.30008073499998,4.3716976725,37.622269635,0.00316234909090909,3.5731433525
2008.07458480111,2656.4202398725,779.22371011,5.61999216,573.4297686775
14166.2804866025,12388.9636424114,236.227026815834,49.99779122,3486.14908115805
312.150599625,29.7240983939286,28.8394146766667,0.317147348653846,119.0704037225
131.411026672218,71.6983854515704,6.8334548961,0.209804494025,6.61719109671111
64.1756154690905,5941.0730114775,174401.816605223,6.12505130666666,212.071799889167
74.7484379913888,19.1906017825,16.8853747025,0.163846989166667,49.4042921025
233.25889954,146.838498011389,1.79704401,1.19223088068182,592.957630106667
372.834530295715,388.541597583333,55.29569440375,2.03447291666667,64.2941565425
37.7516271361539,36.3977004000001,3.03225549107143,0.575673917777778,22.619197865
558.3742774975,192.2791887225,168.12143725,4.9227599375,4.31565921
2789.41798961139,468.6739140625,1110.65620489583,911.32040175,44136.1934331969
145062.252894896,62915.1160639225,7328.7903072125,0.154266096153846,18791.1938631825
0.586427536071154,0.0915983951222222,0.386340591325,0.00150246057045455,0.826094669471429
1233426.06945643,825097.694556356,245420.856214989,2184.077018965,32558.7000779643
11.7442633822222,7.79267489000001,0.448533266944445,0.0198784542857143,5.62600773583333
51.9106777999997,14.95102025,199.127521456667,8.02992892805556,150.667256685
2809.5141361111,1606.6714909091,103.711225000001,755.647291666667,255.450808333333
576.073136380003,428.223379160001,4671.8257088775,6.13972889535715,421.989788738864
2.52363723804317,0.709440463333331,2.835450323625,0.013718785025,2.97723766585
451967.181818182,235979.035454545,151498.71,8890.67666666666,7453.63583333334
672.802351333333,443.45684529,6528.46528306917,2.87753860444444,177.766810276667
142.214291335833,1.07974889,492.359091666667,173.505872729167,127.463943500909
28.8155480125,11.1470929588637,0.200559193409091,2.18398609,20.0586301934091
28.3557958599998,48.8724513263637,405.224009985833,0.1424344625,45.0583971336111
139546.60348985,100214.899775877,19369.2189882025,573.4073492725,2361.70671742
79.1517726766667,24.1789961025,6.6459350625,0.0654974225,62.91892745
6484.46954234,1236.87918648,2890.3348115,97.3879871875,917.5237843775
84156.9239111511,34147.25878364,764.49157316096,17.22506559,68684.77606364
2489.7539570475,647.58247109,171.95936506,101.917310143333,1310.86845388068
4735.99079319556,3608.52144184,79.4760757775,0.0365802661363636,904.763218054444
1484430.93035,287447.968671428,437094.7879,190278.921236364,255172.89365
5788.283805135,8633.81784145,3364.006064,50.9871358082143,714.5938503725
955.125798145355,559.859722965357,12.86447929,0.3462530775,51.2852343136111
58789.78924564,4824.97412160028,40138.7458062266,43.7900206215385,5941.54813211806
278.82708189,131.1089033225,15.46439231,0.112924830833333,19.3051512725
189.590555288214,2.01833921454545,9.38173180555556,15.9447778541667,211.20166721
1038.16376861361,47.3681191418182,376.0519908125,0.0462700315909091,203.861202004444
154.743066058055,130.970502623333,2776.92403441,1.95330606,41.5806864566667
5.76853739249999,1.78445240111111,0.264701747954546,0.0392514261363636,3.71101554392857
25592.3329123734,5387.15616883362,2168.3149549225,7.3455727625,12976.7032805233
164.169185290001,79.27381619,31.39572521,5.07895032111111,166.516076267778
8.35344164583333,0.81543594,241.4982505625,1.80437670583333,0.6418485625
34.4180378770455,2.8255974025,21.5115844125,0.00650249942307693,2.5382498625
3530.19584985704,2817.6651462125,16.3567596736111,15.0798426690909,134.303111831591
160.71914776,69.8496272005002,35.5264249113249,0.307289269808333,116.812964445
566.617632522499,247.1824522425,394.146957297144,50.6912071291667,153.80247749
8757.0402663625,43.4601848136111,5.97882179909095,10.9544690945455,14036.5991330625
56.6616856791667,11.3340170458143,22.7004692162182,1.61525351824722,6.10942059964038
19226.6793304025,4749.44210458334,1160.96755632363,128.039289366136,7816.37287453571
153.5677506225,150.561987291389,0.598127715555554,0.0729251333333333,149.06725456
3700.75107285778,2407.4231312519,94.1285829317526,2.25719916285,242.710355546525
19991.5510268692,18316.9011443125,64695.9380179225,5715.73094294796,10186.7264125775
324186.491388889,161457.16,334151.176470588,35535.4742857143,975206.285714286
53.9124314645453,19.7560158438461,1.94433389583333,0.0502914406818182,25.8222950479545
348.967731044722,125.553582472223,44.9899573314286,0.308391662222222,55.5335425625
23.5543347655556,13.25508229,0.5159352025,0.08297288,7.43993772727273
33.1032639274998,28.5661226608334,73.17303304,0.00777361805555554,8.72366790153846
726.479789193928,239.739242557692,7140.05178272917,76.4174822766667,17.7426241994231
4.72412108727274,2.63441913888889,1.14219604,0.0112780475,6.05672612977273
3536.82551071249,2741.84071099555,29.8765709814286,0.448905601111111,949.681243019231
2996.37366494,1231.05571105583,402.871350279643,30.854643875,993.417931446029
1715.4694829125,688.52827585,251.483203658056,6.32274045107143,1375.34718783222
1941.68478738432,1338.35058056,29796.7966605025,11.5298925625,691.1913999225
2.93306989583334,0.619787643333335,2.31665506,0.124329552857143,2.5260155325
79878357.875,44447295.5625,55436545.92,34454.2766666667,92457653.7471429
358.54162902285,398.4793591284,609.740118565625,4.62543035345357,677.1925891725
3190.28756567964,1943.7760975975,19.8887412233334,0.00674964583333333,31.7480119309091
24.1949689891666,12.1653573308334,375.366956555833,0.0682866125,20.0370885325
14006.2368148622,614.820828990001,3074.35544822333,9.11527979636364,2341.45493492637
5355.51034025,649.742834255833,394.055928628182,2.49271107666667,2181.83771071429
14618.5440321025,6681.06729249001,582.789603300278,18.0758104770455,978.671336141818
257.247858006945,278.418841944722,31.6225142325,1.6406944025,404.8225089825
4.85999720644722,0.520691259625,3.93168374265,0.10747942,0.523682698025
7205.79702500249,6338.38796161,95.8250781377779,101.701453468571,727.081792995555
1.60193386694444,0.409077690000001,2.13433144,50.4137070625,3.67610558916667
0.0002819475,0.0003591025,0.421844923733333,2.83202820688214,2.880872196875
583.999645032223,167.245726666945,5.73583409,0.0696564469444444,72.9878062308333
49.8792190684,1.4492279376,37.1537470124556,0.317518515725,5.7095714839
1004.02690615583,504.358331469167,133.57564609,0.65538048,26.2390634025
35.4769653125001,10.9208365833334,7.54162607692307,0.212199770833334,21.3071260011111
517.224805510001,309.074497076667,4.06484061249999,0.0459146497727273,634.01206976
1568.1983249125,597.929092977273,112.990156455833,0.358086769166667,93.5708701490909
250.919680780278,25.4899709974999,740.474607633929,381.281544926136,309.526494751071
48.3365756625001,21.7911385344445,1.33551323886364,1.08506398333333,78.8888950322222
291.4429855825,157.3950487825,8.72293775805555,0.00577224472222222,11.4607272177778
13.5434832125,0.43096325,4.99458225,0.0440444791666667,1.57789669444444
42.8322449596428,15.0413237566667,1241.0517832025,0.759107,27.5165571309091
19.8008862281819,1.75616405,19.42737445,0.947375815,13.3121759791667
74.8470363,15.8231123525,487.7638558225,0.278729444722222,52.4850245770455
37719.5178633825,14537.5001091625,2651.84003577,160.4206422225,535.999444211389
7.4796250548,3.75033133113611,0.432075780825,0.2711317829,2.650235042725
411.9469,1.89356666666666,81.65125,120.674231578947,224.571534090909
10.30165409,1.06032973,1.14758476727273,0.000448204444444444,1.2475201225
54.151161213409,2.39420061363638,135.044148785,13.3193656328571,85.6300354581818
1.90694061,1.36279796,7.46735014714284,13.2486470640385,7.93122671000002
275.7779799025,124.388039618056,26.6070990669445,0.47112359,256.691644076667
38513.2149392025,2577.55939301361,8513.78543720249,539.857768095833,13262.79106204
1327.522,929.546,30.8417333333333,20.8489,173.912406818182
44889.8159212168,35502.1089206654,596.804579361111,68.5732727596429,14772.9105686125
1481.17401697,476.858925752499,38.4429453300001,0.11695911,173.06273418
7.55276455805556,1.44619248916667,9.44999175666667,0.0311614802777778,5.1310435625
245.7790646844,97.4451547824,70.1705261899999,4.59528130611389,158.616689067954
20.1238062475,5.9676248136111,2.38935989,1.5050670125,13.2866939225
2384.7608190025,379.118729023333,196.434430580278,15.92418009,398.2935987
197.836659673334,64.1548622708333,22.0161188958334,0.1393852025,39.82668825
338.662913153408,392.491015954286,59.8036830691667,0.0116251843181818,306.4958873125
1680.8404358136,1775.51452612,4432.90411681,22.5054945627273,890.460056943332
15.8758055525,18.2881823596428,4.33157283916666,0.02346013,11.3499875275
15.846876,7.42595811555555,5.66886834333333,0.02838809,8.8899215325
60547.3411823168,47455.4818219974,281.984303423333,11.62580439,3390.6254051425
194.3799025025,10.7767043377778,68.4698020277778,0.487028178055556,19.39915965
30.3011214469444,5.43756522222222,13.5093566778846,0.947610473157895,52.9902727528572
439.202907850001,137.91428441,105.3004755525,17.1493558025,188.14789771
11.56778704,0.2991706025,1.4409547525,0.900988549166667,11.1254940233333
488.483092942501,5.99855293583335,496.420368089998,3.98565938461539,1293.6802868775
409.62040511,184.802264625,41.46922739,0.413721536785714,16.6144227770455
239.744485023334,103.09501959,12.67821569,3.7197818625,146.189876268571
32.1707972358334,14.4782104136111,4.0897328,0.0241856666666667,2.0170739225
146.249185788214,149.255721918572,8.80306775000002,0.35535011,11.0151252443182
23462.2217514425,18192.4004612825,60.9517909166666,0.02062789,693.200166795454
89.4150797767858,2.37589925805556,19.9140451736111,0.148593033611111,13.79831225
132.978670115,31.5543171388889,15.385197875,0.2696333225,166.101399031071
52.5645181225,23.5676941025,81.1459821066666,0.02751041,54.8992576266667
6.89548262152502,3.07565161542499,0.524390368100001,0.002635823275,6.01359872211389
20.20498685,11.16204589,0.443389694166668,0.00567232,3.9591103825
8493194.13181027,4374292.33133032,55782.3988115234,3848.32267428977,731884.15932425
7839.870140016,5865.27568447512,64.670214672525,0.157103979566667,64.8997759516694
0.278793200933333,0.0380034268749999,0.000827585877777774,0.0102872693,0.105297853871154
610.878553167955,0.523702077499999,162.16958822,0.7079785125,209.682516520833
3.44495166930193,2.66669464336154,1.06699160393929,1.8453512,1.7241624114
240030.996411277,84437.7725551072,15530.6770218882,1933.721764415,32394.8429922857
1596668.36,442987.44,199883.09,4164.93444444445,175790.605833333
8140.04950008938,3398.68598711656,541.539569583334,3.03915786976667,496.298860281818
205.789495704545,140.360284004445,24.3434687100002,0.0672573541666667,244.6726265025
16489.740189315,8826.56032191222,91.0891553402778,109.242239817143,1180.71096746
278.137329522728,149.91736625,7057.17887725,7.422294,237.21565725
1023.94353119393,17.852307625,761.8258944725,106.780986893929,114.951913794167
472.699990068181,410.610714395228,1.29134257634615,0.8249372525,63.3405493190909
77.4121926041668,27.26785911,4.58779535805556,0.0303903780555555,91.7244304725
142.761168084319,119.584574068182,39.1705999733333,0.000137735,18.3357358055556
120.118971038864,20.8455249528571,77.4344143725,0.313547107142858,76.8388254177778
24.9113960933334,0.933266991071429,1.41617805,0.0578971590909092,10.4602167308333
901.530362535833,438.19602861,1564.33556281,0.285452512222222,1385.71985057
5023.51537023705,4537.8574103664,1467.1574369931,231.4218704201,5.28837498068182
1530.23479236555,1041.0691428275,154.260220789167,564.77822561,825.468531711591
156.474239862222,32.5780744,96.8851810645453,4.9890498025,124.574838487273
0.423187926136361,0.0827850909090911,0.0456088691666668,4.7194419225,1.96490827111111
330.629694240001,19.7925447443182,1222.14886603361,2851.77786168583,2629.77125658333
657.809995324286,1.2471530025,1663.07695474684,694.6956881475,632.03275525
21.3810988214286,10.7585477082143,86.96308516,0.0163246975,3.76312958
58.3701353225,2.30088061777778,19.065632085,0.630881417777778,10.6777875125
2.00951723209999,0.0094487748431818,1.82223454088214,0.0189156512363636,36.24011525
24.6278514385714,14.3856056025,1.1321357025,0.0110891580555556,4.41286033916667
40.6107442900003,34.5903648553847,17.3036135802778,0.217576831590909,58.3772113679546
19.124108914134,19.74740632,3.16437657086136,1.36935026589167,95.6798889576
6986459.45143606,1593653.4127026,1676660.69499256,43913.6166910833,20145820.2662182
24.7649239780556,1.2638097525,8.15567521499999,15.41839909,1359.0922147525
279.857082658975,169.344299613067,10.8281481981917,0.184333151266667,9.46380726335227
1118.58742761,189.7944546325,74.8534406406819,16.6318942939286,3301.06987437
23.7690980827273,12.4785957358333,20.3055128275,0.00660000711538461,7.250892215
3.30770395285714,1.48322211,11.5732892733333,0.73395433,2.10605697
293.939935028181,112.745611578181,14.9466445200001,0.00503024,329.65405465
966.069405153409,183.313923667143,1173.85106066536,22.32148875,482.4673822725
21.66017825,4.17315466777779,9.37565042977276,2.8057104,31.81902634
1879.54771211159,1599.9051213925,67.8789875236365,1.23548001,166.902941394167
33.82172485,4.2966615725,7.89636911111109,0.0477989,80.4908164375
6.7280578225,0.0083631025,1.78219823222222,0.212134351111111,0.932777173333333
5909871.86454545,1261979.57666667,2482581.28571429,59662.09,1017114.98285714
9415.6202682525,11774.12816571,792.576473930001,114.845508016786,346.832816254808
5641134.62571429,1280693.16857143,844263.674285714,65616.9263636363,163951.658863636
14436.7225,706.209999999999,243254.3625,14929.3653571429,63221.4166666667
203.231630916225,0.383117645625,203.789072175025,44.487622800775,40.9106994228572
11714.30791389,3153.82166113,9722.5171005625,59.666319935,4546.78400607529
346.30669881,79.0575738099999,61.5526087024999,0.025806085,235.763241365
36.325288215,28.5264600336111,3.94094767999999,0.29721601,7.68693085
2949.6920176975,1693.23088645964,586.2230345625,4.96539587500001,126.27834589
105385.405318069,100586.36356589,7902.46811143999,146.789432555833,3409.4793906
6733.85582312111,2495.93844768728,1889.13634878091,5.4845665,756.7956374225
306.27715851909,85.9691468011113,40.8335073900001,0.0208532036363636,483.00190369
34483.1152006,11867.3122111782,7151.49695311251,3.128181,782.3645583125
272.990124082501,253.445902555555,32.8844897233333,57.5110661025,187.125439021538
1514.54739638,1306.78947522917,3.84072999138887,0.236942491071429,1104.97194985
2809.5141361111,1606.6714909091,103.711225000001,755.647291666667,255.450808333333
2563.24444722222,1358.167475,157.388025000001,3.79650277777778,419.413352272727
35.6345047566665,15.1079046406818,387.79667844,0.070516173611111,62.82083733
131.5410618625,118.808159506944,3.47116191555556,0.004097085,75.19104274
3597.58392892472,2886.79810178846,4869.26724533334,37.9918197291667,578.5450644525
5.32769328999999,0.349281612500001,0.618403409999996,0.33940041,11.3915236525
12685.9626786825,3372.25587825,45554.45901991,195.8162467775,212.127984567273
130.7388216025,82.090529169167,2530.6539754275,0.5746509375,59.6691633958333
574.30696064,26.6219271988637,194.561344189166,14.5675404711111,1144.73296777
2973.70018313,1611.7829548525,160.638506578889,65.7407597358334,43.5130125225
2003.20732038916,1843.89488172,281.0728121225,10.9042157182895,510.1100667625
102531.942336421,76113.1486720101,2444.2585567625,3.38061544888889,2164.3252231525
61.4362052900001,17.62791369,32.5971698055555,1.87199157666667,69.0096941725
0.52067691909091,0.829598380681816,1.54375687333333,0.0000670763461538462,1.38240012333333
12406.03859656,5339.725340875,265.36115134,70.67412988,7766.1263954625
15319.7992942725,10882.4069411003,95.4003178225,3.66157206916667,165.923015979167
1895.58823427636,160.137828221818,302.18198925,1.48647261159091,399.3606004
836.631643314168,399.140781423333,78.5607234686538,1.76654758403846,134.241921653636
2503.77506151917,1504.1180168025,1709.22515348,12.5348614733333,123.736927391389
410.041932340624,152.203230375625,53.7533119494536,21.105461432325,586.3545821301
2926.54195018084,7.51029820444445,2131.5601910625,48.8438828544445,4167.3054337225
10112.3285357475,2666.99704866,136.63483791,13.9567278025,3947.33305393
41497.0345886363,14544.2823222222,172742.0068,23.6498375,8857.0018
76.4636640974999,28.8531227653572,19.4224016336111,0.1382466625,36.1023281054545
0.646139891082143,0.0398795449,0.251757029025,0.102265002010714,0.286902126134091
1669.9156138625,425.683148284444,49.8708340100001,5.635215985,505.79097951
86.027043150625,91.915244285025,0.540851652025,0.000625533627272727,7.39361214530834
2739.57941002068,8172.44146940821,3399.4030653025,679.537420451389,921.881867367955
203.882635137272,44.2555305825002,215.154337035,184.644847267143,284.1801023425
103.17836389,221.76759897,1120.9767583625,7.06446370027778,171.873076068182
2.6581681124,0.155819024136111,4.081372835225,0.115782643490909,0.514182454233334
2066.19486933522,925.665506068183,87.8256987127273,3.61001792472222,851.838751923637
2808.53968852249,1231.28206152273,2167.6936683775,186.031436667206,4170.6241831
26.1365556036364,2.12419484,36.30605709,0.0336251025,6.82619300694444
36.8502085774999,16.988643585,2.36906888857142,0.0295217466666667,3.20318426
602.044242124099,378.174321529589,29.5883899481778,3.8763530651,591.210973158182
1.79366784821428,0.457114426136364,3.84985809333334,0.7802855025,4.0374067
2593.99217616796,2433.4982683309,20.2335888225,4.165867735,550.68578236
105385.405318069,100586.36356589,7902.46811143999,146.789432555833,3409.4793906
397.341333284443,367.9553645,11.1741140625,0.0701329108333334,823.813192618056
226.201460431817,150.622153385455,713.9101765525,0.0530945471428571,29.8822485941667
10231.7695715775,4856.7914433525,1704.37427561159,14.9981226066667,864.849353258182
18725.8066666667,16217.25,287.158863636364,716.145357142857,10933.865
5713.2087853925,1054.67821468445,472.5908820525,0.548284817777778,1990.49279604417
3343.10734341964,1443.49686771429,479.725080695714,9.99891013392857,269.337411243333
20371.074476415,17081.4781397939,3082.905826125,100.4367104025,312.427693520833
1650.75042195667,694.45238889,312.8103878225,6.03709654,53.2749616875
314.810086341819,163.981305287273,1702.4826736425,13.66746466,605.5124663325
600.2830943025,133.578032895834,267.5946746725,0.342686272727273,1798.18652567393
914.054956849998,406.283446222501,32.4138388100001,0.999796493409091,133.603722741818
7.12626637999997,2.51178826249999,10.6445226925,0.15089601,5.96688180249999
2954.578878215,846.708831015,180.78884641,1.13998031,399.709408916667
604.197645849999,230.938150772501,66.369145235,0.203946887272727,119.105425944167
122.466011684444,62.24545001,15.5220013433333,0.29121854,19.0225304172727
15897.1020421236,50.98627425,12744.0359652873,631.940267429773,8013.75262159341
2234.29708364,720.75373825,498.852803506945,1.54929724865385,25.3219332566667
904.389498544166,443.260124858863,97.1595018999998,1.17796422977273,157.224936943333
40843.5144773823,12531.13817604,308.494069500909,89.6851225288889,8640.31542364555
1253.31044792613,888.906602410001,325.29890345,0.1380334225,376.034280053636
552.536936348216,338.80563615341,41.2504135382142,8.58347333583333,115.308660466944
393.247423924722,223.98572749,60.1473379300001,0.0240285733333333,19.57163275
87.5569943099998,3.17732756250001,42.0272480544444,0.01142094,46.127496
7337.15861409001,1907.99388571917,6904.1362278625,244.068815569868,1850.48916181
4302.6259871125,801.587732453638,222.957269803635,16.8859481990909,1264.51397076556
113.248987272727,39.0189237897727,9.17808516000001,0.5450057725,178.16401416
31.1158740625,7.2804743025,1.670355735,0.0189972443181818,5.63797255545455
20385.7209279225,7604.76430575999,87.110925913409,1.63838372727273,2379.48131882068
24.0019484,7.69625545,0.408296566944445,8.03981575,24.95579279
5607.69441293,2302.07162613,23593.1838830914,4589.649921,6916.42150831584
19.5914125891667,5.6898816,5.90297286000001,0.00943214865384616,16.2065111780556
122.471966340278,74.6286456225,585.366865666667,0.285447056666667,144.74305613
352.893577589165,274.38070045,16.5714200134091,1.26695461363636,167.849683334444
615.703178004318,463.794165467777,8.73763047249998,0.04813431,192.7471203625
8.30764859522727,5.09313981,40.53081169,0.337678467142857,17.77340502
1896.51124114,87.3599256225,897.36224876,7.29613183678571,249.1681818525
15.4914395100002,18.8802712544444,205.581541674286,0.123850466136364,1150.14731374333
66.036743137778,21.2972579336112,14.32668036,0.0641345975,97.00936746
137559.412991082,5931.57284996,75072.66626411,1156.88502814571,75813.5694892425
1.60572015666667,0.0274236844444445,2.23880347704545,0.0087253,2.1638769025
128.13666525,62.3345516025,80.2734848941667,3.79116664068182,60.3535624
230.300334219999,262.710967451389,7.02146448249998,4.12805741723684,295.17470129
1.028529,0.200332715,0.557459850000001,0.00798124333333333,7.8916040625
593.965929555556,84.6183367999999,196.23001636,2.37887793,481.440397471111
6508.93352429,74.0810249791667,4762.14828175705,4.3009425325,455.322159838572
9445.8752922125,10210.22048145,102.7071592825,0.301325875,3121.30666033523
20482.098525,2446.744625,626.7682,752.3321,6427.55194166667
3536.82551071249,2741.84071099555,29.8765709814286,0.448905601111111,949.681243019231
5884.08388987501,4238.3190212825,679158.63575044,8060.96606104393,21446.4404455775
40.3554013788889,2.11215031340909,38.234284435,0.208913253333333,9.85058932977273
107.833038046945,73.6297251825,1.56238558333333,2.16017185583333,113.87008816
274.781301869167,27.6910304100001,50.4738932315908,382.99845025,164.904052458182
2989.56501241,3078.95512201916,17.1333075025,0.0736021291666667,132.77740716
677.464556410001,107.893480458056,194.264499904318,98.9661540048529,156.86317839
5169.39787777778,612.79,192859.241025,1054.3901,2108.38666136364
12434.3413411389,1878.02525521,2210.6254271525,76.4425674711111,1382.8791
57298.73000057,7135.17802286666,7353.95294358586,269013.277890076,35510.3870208725
151.524358912892,14.1454817183857,23.0168768493583,0.117205398325,14.309096599525
935.694693960003,441.20986613,9111.8686144625,28.229568715,2187.83514977
101.037485124722,20.7109056136111,1.75094950250001,0.0274475802777778,32.0472946322222
1184.93973586,560.49666666,99.1822054350002,75.3256026,116.4096369025
3503.67979144002,2483.09922710818,733.6836588,0.6249782825,2464.6750335625
58.0076287796426,11.9853266666667,3.95397880250004,0.262626043333333,73.9816140679546
62.8480155400001,29.53294991,0.61960129,0.0597315510714286,15.1038429425
3521.17221407112,2184.95167320112,4.57579462249996,1.050046,2079.09626615429
1182.30599309522,804.88511128432,12.3313634225,0.0864523323076923,291.899440826667
15574.8935184025,3949.2348140625,1597.76517544,574.986768795556,11751.9288888889
8442.85759466,3659.906688465,411.422665966944,34.5608409344445,497.487671813409
476.833553305456,1666.8220768125,3108.53649697889,12.44329949,110.935728416667
97.0524226406816,67.02311613,103.67855874,0.50092766,166.482336445556
24.60644812,4.61982901,3.9482076488889,0.01352325,57.8125508939286
650.399242931591,416.702539340912,41.0359570199999,6.63994615666667,490.123813573636
339.5958634225,26.6665948525,118.3151833475,7.02229303272727,114.202789557045
32510.0300547043,24467.2296178115,282.798548555833,0.898952035,2800.49560375
2378.03095308334,1732.42638227273,92.837109311591,129.5702490625,294.760203107143
2856.00667646223,1958.2419182025,249.489886473333,0.0252611043181818,147.6398325525
2547.0609521625,781.232086446363,270.630094119091,0.366443328888889,4049.038412125
87.1316236988632,0.888477905454547,81.6652504581819,0.115170105833333,30.6002937225
74537.8281386623,28638.5970229264,4234.28970742667,2.42071301704545,22860.2019644125
10341.7544918469,257.1524862525,1814.7000187,7.76108596250001,2760.72053394
371.832733595227,156.420140966136,7.36403396249999,0.0700889725,181.576251695227
16.7223923066667,11.7478555275,0.279026529999994,0.00651333333333335,35.2161506622222
170.686094676667,0.3423828225,2906.2630708275,13.2508474385714,281.718580208214
5353.29317994,4516.61853133444,155.7321571125,3.49012045818182,1158.38145588432
0.658865255314286,0.2588065737,0.346855234325,0.000291090225,0.166507428233333
640.62720433,20.4889725625,617.4518893025,5.269394,353.34785561
3265.93613913889,1959.84462616917,17.8680423134091,6.68841583117647,57.3540529802778
15357.10759871,1205.89365536,1862.46939217333,7.74267647634615,4178.71621697333
36.3893243275,1.28920347392857,0.154348318571429,0.00000004,28.41473399
380.15212028,142.362741767273,1910.1547198725,14.87231124,107.189406598214
67901.0375198219,47692.6738466583,1054.6875914225,7.1405322625,10982.3679578058
399.08031590909,257.797443181818,20.3258333333334,0.42285,219.4829
832.711979889998,351.3253101225,22879.3412169025,44.8188568679545,192.542188484318
548712.208003623,503044.383887986,2040.49919653571,117.939692086136,36293.7319871625
26517.389437477,21701.4017498959,390.597223324285,37.53794757,72254.08238126
651.1242106625,149.2191135425,135.99392475,47.8298692391667,77.2321412608333
5706.06707950821,1695.6528191475,354.615837254807,11.4802029166667,755.0876962
9518.29889127395,811.389826984998,332741.79772724,1.41681856096154,7917.643227635
623.209894982223,24.8646620399999,121.912199300278,5.28134004,544.266153865
5117.59418196555,954.907241046943,1876.53241396695,18.8748688275,481.674169378055
41279.055109,33112.47338945,24.8440846224999,0.520728420681818,14189.1987491275
157.412030676364,43.0742837679547,72.480794017143,4.99226172727273,96.9315974425
65966.47170475,32169.29643329,185.21566605,3.0702435,4830.5092902
4055.11789774,4440.34072304977,7125.14645891667,59.54758014,1513.18703321341
31421.245957967,12621.1236144722,1497.55304362666,7.87636176,4428.47283582154
4405.24620110028,2539.95583291667,402.5368897975,4.03215663942308,178.1922943125
35.86916097,10.68167154,0.573413669166666,0.00464971,13.241243
1161.97339681679,444.144293116786,115.097797255833,8.28747391964285,471.862570906667
10287.9425,4939.15111111111,1884420.81,15376.1391666667,25604.9566666667
775.6971787825,21.9782930225,511.693579869167,1.059312315,1649.12393691667
736.28076757,405.47683713,6791.05152545,339.1303971425,332.363061537273
2778.695937835,1310.5523520025,84.5125433028571,30.5168431775,653.49178261
465.384515824722,39.2817249155555,228.500906991389,1.2381605,33.4828966315909
27.7267696558333,41.2831391314286,2.04718274416666,0.1490045825,32.7788235963636
1.73635475524722,0.128316126625,1.62967296969167,1.3373265636,0.763072518509091
777.94515089,373.744783735833,12161.1562393692,222.1191434,108.777486446364
325739.584299723,3.47456202777778,1257.50969354472,32.0255471053846,307768.152242507
8376.97600434333,2150.71586322667,1998.7355304525,1.01490209392857,523.44949251
309.703675596364,296.635994673611,18.28376769,3.90185361138889,170.398698344722
798.65317685,74.2153510799998,328.796197363611,2.5963773025,10257.80968824
1706.71305864889,735.065247578055,201.39584675,0.008132585,818.098635751111
354.187394102501,107.648428059231,271.700304151539,3.32984224392857,186.672045293333
19.5872790467361,10.7638866622917,16.0544296217806,0.0652218137666667,29.5913646922
3.632425,0.10229434,2.42875340583333,3.989139065,1.10310772636364
463.387565175714,103.022207497143,270.55923625,2.22219862333333,101.767095935833
12224.6782339643,7471.69138068821,499.899389004318,24.375739215,1467.80008103273
19.4402773453571,5.40357014,14.2841754742857,49.135950335,0.774790215357142
3768.05184559556,1991.94396164,92.9761048724999,1.2514065725,1010.7577411125
517.103607062501,408.210604636365,3.40132693159091,0.3509440025,116.0425706125
0.0476474004694445,0.061653308275,0.538188835825,8033.7932438449,1.12310200457045
107464.77665536,104186.645373623,5300.49836797806,43.9225610825,785.445067531591
292.1548665725,232.253586340278,77.1748948225,0.0531107861363636,95.0890256002778
1101.13336124637,398.572858312501,108.402711340909,3.54395176795454,168.65257216
3542.3141387625,437.037994943333,1072.32575984571,63.6046374233333,1303.80247399
14701.7095949625,1059.21670729,440778.213693923,2607.3899955625,8999.73397180923
107.095602285833,67.4923765399999,200.6662198825,0.669130991071429,41.4049959125
123.002348226667,71.1364564600001,4.4896564513889,0.0857199825,56.1365578225
73.59017349,17.6977612566666,73.5729949868422,0.2331621025,7411.04137938916
8946.61573235327,2353.84276033615,639.235357115834,45.7119486882143,790.545286905454
20.0040184444445,0.4307128125,29.4484777558333,0.0974246,76.6133625310714
55.3145398224999,52.1359854266666,53.6505469649999,0.3161702,115.027810794167
2325.73600570667,780.755359391389,181.6274806625,7.154278,68.0803268933334
361.862100519091,0.128906089999999,414.927193719999,1.1884574975,3286.77878426917
3086.24171332637,374.571298826666,778.246543530001,2.58332106142857,2494.8871326625
2620.45227197917,847.717744645714,18.8470817925,0.0083039025,1717.52656044
3803.85576884637,137.724850833611,1482.18294316,34.4670508925,303.204489471818
1032.08173982977,170.17894416,271.654322782222,0.0822221332692308,971.217448937778
2.4495609625,0.682024775714286,0.483548166944444,0.000924476363636364,1.17842845
124.28137366,23.8696127777778,60.6383622233335,1.04752214865385,71.3570975025
364.35942393,73.8193947843182,65.2620657558333,1.56061034865385,276.99374329
208.940933556667,62.3386766566667,304.117230123333,1.2933445225,113.597806491389
1892.05144606818,536.217084435,531.885713148461,2.68287365583333,851.9006301225
161894.358491923,46952.7619724625,33463.09942784,7397.4321013625,1421.44201266
180.304474718571,26.0132056624999,17.68725313,0.9917698625,142.446780375
2052.36932415546,1132.83041775887,140.456848731429,4.90202389333333,1493.09018769889
3013.13878853917,2.21355588,537.964794656154,7.94292157363636,248.05317645
1447.9976370525,329.446183128889,72292.7963895834,568.936279343333,9779.54551887943
6080.02902855584,4346.54400938223,37.6707987847223,0.0852571913888889,1280.9083130025
1.334040777525,0.826264055425,17.7114280201143,352.530996843225,0.1186033825
43123.4192582457,29087.72698289,2590574.47497885,950.4366300625,51292.6305712329
11855.4984447825,4784.3149062625,1766.76697248,77.1397306425,216.275290676667
1059.66227197523,183.587126258214,92.4667591185717,0.7288805625,313.6075067125
4290.60427160999,2542.00678307667,94.4540221525001,161.257221385,5544.874147565
27.1333065069443,16.03377969,311.12483451,0.0600300092307692,10.2788382925
222.5048598025,105.044646515,6.66508176272728,0.0355118425,181.407682205357
26140.6901448469,2436.35591195667,5999.91906964889,16.8223240069444,5352.976365625
1537.65322009091,1477.6662304425,2.86582149000001,7.56033609,67.90701825
144.849592356667,74.8634373511112,301.41113796,42.8126152328572,84.3416573958333
32.48104762125,5.36105840999998,87.7414247138461,0.572951173333333,26.7577191828444
50.7996186406819,16.72641801,55.5533148218182,3.03600917964286,56.0953767781818
326988.730388615,128210.864927,35015.0155419803,88.7243662622222,11628.6924023825
0.227275290000001,0.2288009025,0.3450019025,0.0597501733333334,4.40659216083333
745.976086884444,52.1579051934092,179.0274301625,2020.0380791625,826.49197309
310.906830340001,124.290976965001,7.33325034027773,0.06830059,170.866893623333
873.19500579909,130.0019094125,461.044030230833,52.2611756733334,496.6887080125
830.70229117,395.809712916667,58.4571739122221,4.41506800821429,564.56365819
16.4870391377778,0.275315333333333,8.8267865990909,0.107800811388889,16.82645238
7093.1687268389,8178.08524023544,1230.5519439525,147.260632018824,2157.90123221778
1238.75036665,3.17210434535714,39.2356365725,8.1219115,630.7060465125
5472.65641681251,2979.96985280667,116.08603677,0.504471137272728,480.896181284722
8536.55802049,1663.09645210666,33919.2184975225,60.95369791,6478.43553033615
1077.71765248614,516.078100337272,755.200072067143,0.843607917692308,135.093661069091
7.19857265999997,6.83371829392855,13.5942174406818,0.0327745010714286,23.3503715406818
115.8155163625,71.6813596736112,383.52130569,0.0888197272727273,48.73186905
5977.37792081777,4318.77143153583,67.5344911388888,0.7301745225,650.5751350025
61146.03118073,17546.03387868,3044.8671350625,523.643723426136,6089.18772713
125.9991698025,135.533336889167,1.47192117,460.13353301,24.9993092425
4439.21061365249,2446.2508919625,145.2196447325,42.2924514669444,246.904792147954
514.360308744546,403.771679823334,13942.4044088125,10.5625572125,132.914853791818
134.835458847954,65.3468556580556,5.53361706222222,0.0801840625,60.3997326275
44.1050993474998,18.7251998825,105.588769823333,0.0113025625,98.8517980455556
7987.6476131625,7020.94008810999,98.4168000844447,0.0368127148076923,1039.68140179
192.7984516625,715.799247793333,14.2293217447222,7.08522484,175.11734254
926.86462622,175.0170751,113.853281033611,0.695990844166667,381.703425000278
245.8635502025,104.204169565,1.68096731,0.981734635833333,77.7599228888889
327.82941349,47.0775589513889,639.170368659643,0.0628762727272728,157.17832554
22759.19560844,14618.2912579956,390.401344671111,16.81178814,697.933944466945
156891.300330586,57485.6503537939,13950.3986303543,3621.72176670583,18386.9635418233
4.38319407778889,0.258052933725,7.510022231025,0.9985900222,0.711042364581818
32362.5480065886,14105.91223784,2378.69845489,2.11719777678571,300.1742858725
2040.4535269225,561.147924989166,46.6345638352272,0.175213244166667,868.567438535714
1484430.93035,287447.968671428,437094.7879,190278.921236364,255172.89365
0.406806304843183,0.0605652541361112,0.00697814322499998,0.00170317817777778,1.05899501594167
10712.461193035,4567.81525470286,1191.66249945,1.48404552363636,2473.06086161361
2178.38704533,255.42885453,401.827084365,2.9954447025,3151.3822214725
10117.6179262067,1.2710444225,3029.03673401,0.0311341781818182,113.871129727273
9263.19237444796,764.865067438864,4049.72896628583,1.40325012571429,1497.73470397364
146.135953459999,92.0922711800004,6.29857496384617,0.1118013,89.7950165822222
8.539330811325,0.976254407236364,30.199475015225,0.0526209069714286,5.67533826138864
8004.95728513,3854.32847309334,188.7455839625,0.7945786725,317.647616765556
29.3221859925,0.3946297125,23.3493604770454,0.15207134,11.3693297946154
363.2125879225,207.34484533,4.9796507625,1.97070996720588,129.6229817775
29.5489559122222,0.637765424722219,14.3828393482142,0.108306769166667,20.1296281288889
580.349444048889,405.598539229167,9.04508605583333,0.01312594,13.26142697125
742.293934887272,219.742031256667,97.2365582499999,5.53873803361111,117.6723232825
80.4682644766665,68.5924831661361,141.65400604,1.46547051,57.7484719672727
27.7591292653571,3.39759772472222,1.1246026025,0.09521026,17.1685170233333
18745.8690626571,151668.42582609,109913.200593035,30.6447707125001,19633.491139017
1.02294639583333,0.58132785,0.815369123636362,0.00256845923076923,2.12124065
34449.9137375567,23980.7256200456,428.20943366,4.11166871857143,8134.34049471222
88.3783486558333,28.6401812767857,3607.12272744,6368.5386354025,107.728944765
1899.69133890286,64.9675822766668,1162.07967244472,3.19146889,475.6767657325
1180.66107340822,339.620912038864,347.879866348214,11.5194676558333,147.6951483625
22171.9633273925,11723.5034824825,1486.93436741778,122.805943665,4521.17035211111
769.54667816,120.7458624275,130.69629224,7.81885454333333,32.42376961
184040.052604813,84796.6676845892,127001.536195382,18951.014896865,57682.6250386882
971.303372727274,208.649772727273,963.062247222222,212.854957142857,428.422763461538
774.899470409999,269.3372073,68.5672769924999,6.97973831426471,81.7551541600001
36.9463660625,6.18232693583333,0.464872854166666,9.44709036,18.25969971
9.68138406250001,0.703920227499999,6.89607023249999,0.6608237625,7.16482054795455
252.528642185833,10.4127507570455,1.55603965,189.34179697,3487.14231400821
15852.248625,12655.1651272728,1570.5729,1338.5675,1988.13
712.346302643846,308.844584919644,93.323654356346,1.296573815,137.398602777778
767188.134388636,374735.917918182,29187246.235225,4467.27583333333,144190.0437
76.9196210653571,25.8212858058333,25.9975469558333,0.23887825,5.31516034027778
219.14132625,7.3073657125,930.189853991071,41.3634540690909,295.9714001625
42.6955870843183,6.13140611361111,69.1209124913889,6.09654674671053,69.35907274
142.200747573333,2.48661825,240.496818924225,1.70698943229773,130.882605531964
265.6012591725,20.9856649843182,74.0307764999999,0.16603576,356.299704935833
2863.21972500001,1630.29693409091,36.8762461538462,30.4343222222223,1116.854425
459.608730546945,205.2050715,16.8491571054545,0.0695072307692309,192.5232965725
23.2957024388638,4.14492912250001,31.8213550336111,0.34979329,62.2945743275
90.5664987066667,1.80556635107143,179.63306929,7.87468689846154,1464.57761365964
2609.15406286917,89.47060026,4069.27557735964,87.2929069471429,2566.2913045625
1108.74027742,1142.95692021,1796078.94793369,5519.66151925694,520.910871756666
813.103474799999,147.45050059,345.655644978889,0.215013661052632,61.1655385497727
161.99074954,100.569672875,1.16485935666667,8.91051814,287.010864349167
0.1354920409,0.0968013987666667,14.0752013304889,0.0420995297964286,8.4231947193159
1770.2643598275,1472.02152606819,1011.1159838025,9.56074814714285,119.8499778525
810.764884849997,343.259361076666,856.785675085833,83.3476018055555,6842.08195134091
5.75856009,0.0001924408,10.143095990225,0.658764436119737,0.44716387365
1521.3226348,123.427470756666,71.5513271418181,3957.76654961917,1130.40962855705
2.935107104025,1.6347037841,2.67742214469167,0.184984781425,17.574451308125
4198.9230351825,1439.8399153,5708.16398569,115.223210195357,5038.43620814068
124.504081395833,9.4229740625,1.58092280923077,0.429254909642857,102.0447802975
3388.13513409091,2107.70329772727,112.998690909091,8.81346944444444,398.416763636364
906.628402036786,720.254105142858,15.9380849625,2.9211302825,8.37300224068182
0.337024411388889,0.7311440625,0.1925790825,0.0006711625,0.478464628181818
160.8107280725,100.16350125,35.8498090525,0.855796354285714,210.0201565525
16467.9617105581,9141.10608850001,1400.30545166,517.8618283125,49278.1065639692
0.641964143333333,0.0131112858333333,29.6832545475,0.0329174261363636,16.2660339775
7.32489094545357,1.32678218491072,4.20488619399091,2.71395092340682,7.16841273179642
90.0428761344445,49.9032771891667,4.97893951555555,5.06449471,30.9523919206818
11815.2159469625,2489.22628375481,257.7232168025,16.8049734125,938.079344378182
228270.3025,14066.81,77849.8,9001.45,9126.54333333333
33.8918859300001,14.6633499669444,132.009054535714,224.553385251071,33.4327157
95380.9329916876,61739.77354919,12255.1689121625,97.1690783125,185.719803006945
1438.92872114286,438.83040839,910.63740725,7.58460845,630.750391347143
36091.535768875,12038.6132495833,12717.8324778056,81.25463365,4328.0606582725
298.7463863925,144.9201994025,6.29169336416667,105.1325448625,53.1898178206818
832.155310702499,80.6667667777777,112.434966440682,12.25699544,3321.98264066
3426.84880681819,28768.6606714286,51603.3673727273,1256.6404,3975.71686785714
12.2462574971429,1.77898817,5.46555058142857,0.0000825952272727273,20.6422549125
45.6046948136111,2.9005024225,44.5375970457143,0.85459206,15.1477075208333
4729.3915832525,482.325597915,1360.01000756,90.4602582725,1084.58384380556
1765.26382165,942.350267599998,97.2954257425,0.158417294117647,962.605239391818
33.9606766844445,30.3530322725,157.564080539167,1.77045910666667,32.8189920775
2035.028609165,787.45340529,118.608884278056,16.5272985739286,90.2867150844444
899.781404046365,1530.55077190028,70.97768346,0.143378519090909,372.7039929025
11.2183469556,1.83970843804444,18.6498906689,0.0242557258083333,11.020733195
336698.600625,230600.585625,3316.54635,742.072058333333,14949.4346
12406.03859656,5339.725340875,265.36115134,70.67412988,7766.1263954625
55480.2725,35936.8,740.809999999999,6068.46,3647.07666666667
203.816024348462,14.9023583609615,74.47426551,119.578545173929,143.051476345577
2375780.2771432,677609.366663934,295007.320438546,677.8897236805,216248.018103716
100.19603256,2.05337241,63.7681324444445,1.50427195666667,22.28454485
1928.16407584,331.72978285,40.0142139224999,3.59695639583333,1322.31687253778
13824.5896638711,2529.63714665,594.952814282499,90.1666751000001,8175.5670765
3087.29764154454,1354.30588311679,4046.5147318025,1002.5764608,3151.15967502
293786.230769231,199396.199423077,9117.95138888889,2688.32875,27025.52
93.7542850500003,106.380732567273,50.8329088402778,1.11910004636364,149.7306556725
547.086531760001,62.5490215418182,3558.595845375,59.6538176625,504.9919437
20.47211629,15.046350915,8.84930737964285,0.08907084,17.6784494661364
398.4492905525,21.5345191725,90.1531885441666,8.50845908333333,157.47671177
14.6792367525,5.58131433,12.1662461082143,1.98492209,6.18805733
27722.7215020536,7084.14530981001,2500.59650377333,1.89885809,57220.3913825225
1073.49254121,699.293934794808,9.8479199625,0.0681273542857143,94.6190989025
38.5053546872728,35.5588502488889,1.8196553725,0.02640125,8.7367505625
11.66340085,27.8540397858333,12.2180239736364,0.00216223583333333,25.30981989
7658.37703524694,854.683502577501,3761.98022617889,10.7085619292308,149.54885504
31.3518971661364,11.8912849788889,16.59209231,0.402338146944444,48.8321397447222
34517.856869125,29920.1941895029,47.2548466736111,16.81566329,3879.90247186694
22.0597276266666,11.76655164,45.5859559642857,2.95918725705882,45.4018396134091
73.3184911525,44.7499189994231,48.24628876,7.97659156,24.7392267332692
6.89265326000001,0.27925214,1.88547014,0.7938952725,9.5957285475
1918.77215121727,1298.14805035704,160.3045284275,0.7754125625,528.319799113611
1661.10687431273,33.5248291180556,858.336145156667,12.2438135266667,10826.3514632825
1367.30311569,148.6793199725,17010.2815668767,73.71741696,462.793807795227
0.001629333225,0.000667427691666667,3.7489978201,43.685808864225,0.783853533425
30.8156347358333,14.12695396,2.80650947805556,0.0701214802777778,3.78904236916667
9011.39766761001,3917.620509,364.63728545,1942.26632874536,1322.8905766725
120.482511697143,13.4193346933333,12898.5807699725,6.8220654225,30.1976598934091
2250.37389305249,1458.52179468916,39.2987050661364,0.0299420758333333,416.107821913611
904.757447,14.0887511125,374.3903851125,0.9826489,317.474243819167
1.20454905653409,5.15282347570001,3.36162991871111,0.032445228475,6.78136807
2.020712747975,0.75075097555833,0.553553113788888,0.692201985757143,20.5997290538028
112.643909,39.6501439780556,141.21596734,0.168636694444444,23.2450237897727
216.5567388325,117.5446904625,8.4090396172727,0.16699769,377.152059210192
16.74879886,2.24194666666667,0.4215091725,0.3520169425,16.7892283766667
178.408797392857,32.0455133625,30.7843468125001,0.55899154,135.1372923025
9.76529875000005,5.15644178857142,5.22565458485295,11.5641440625,30.9317413082143
174.799919193334,110.491594238214,11.3661133918182,1.7508496225,183.668713080278
5645.995693625,156.891804001111,973.639653039998,7.66012737666667,1425.60943823361
18163.3709697752,9881.27433909088,178.528642709167,50.0017207236363,5839.48080966795
233431.079642857,152333.773333333,16684.2711111111,55.75,15485.2525
34.4754390625,17.9711548388637,38.59392977,6.53408929,36.0801675882143
13.9134896891667,9.30515449,5.64061962249999,4.67131758333333,10.0305558581818
778.703263135833,67.9670985725,299.56382124,25.61782457,616.765822840278
4918.70193587965,2926.5900286475,128.077829567954,190.207626148889,851.397539909091
20435.4026014125,323.4876148125,9817.42685453361,5164.75084256,11805.6151121021
12201976.7881143,7386440.39801873,1835643.61831653,343101.70599665,1757761.44382474
1281.13583333334,694.58027777778,192.539166666667,1940.70285714286,1666.91666666667
2193.96777777778,359.892113888889,787.826322222223,21.7008,319.167236363637
3.35448138777778,0.26579717,4.25175494249999,1.56996518132353,2.74512396795454
6421.93287625,1683.62271209333,1220.12007126917,116.116273361111,52.6655242443182
3331.3286063,596.21910525,1600.68037601361,4.07531606222222,120.80699164
591.548582751112,398.721364419999,166.596045573333,17.6968082119737,193.703635537778
8439.50498395107,5170.64863461,2848.0384493125,33.611553,1109.98876938
865.661040240001,371.2152793025,142.588372916667,6.81481963083333,306.022572738864
12.48482744,48.03478271,415.87913649,0.346457347142857,2.49638661538462
6.86975226249999,1.05180277000001,38.580562035,0.991935332307694,7.60465540916667
257.439859640682,5.68135713888889,288.843899446945,0.424696673611111,50.7783859323077
324.7096082325,190.356500217778,16.33602239,2.42432805882353,520.224285515555
342.859187267955,182.0576703925,147.491021115555,19.272383375,86.8290698566667
1014.22614648,0.00139679,10.9194537066667,0.0558752975,3034.1386680025
25280553.5964716,13620511.4801262,3836401.68373881,11049981.3587782,5981011.62975328
36020.41,12523.1372727273,4926.91964285714,79039.05,466555.3475
23.5969722291666,4.73394244750003,8.02796675666667,0.0963919975,23.69385838
236.192891666666,208.499542857143,81.8529392857142,18.803625,95.4158333333333
659.031569625,434.048881375,13.0254099750818,20.9894029605705,152.244849837045
3.38509695545454,0.856372532500002,1.161482375,0.00836313107142857,1.60539650545455
166.879041438571,99.038513565,2.66497924333333,0.0134851009090909,44.6801887025
5510.64537777779,967.964891666665,238.390933333333,4.18119090909091,4346.87739166667
3836.53448083273,348.279811873333,857.438093005833,10.7524838,1617.41870476614
362.264421269167,120.1002439025,58.24465205,1.08701616,324.713955093333
186379077.965,28936302,38730615.2125,4136342.84,7826314.84333333
971.857164094807,86.1144702645455,45957.647641,11.4392705288889,1498.4913364125
191.888471869102,117.389942810687,8.45597005615556,3.2540548625,8.34369894478055
21953.5970580278,13098.1611138056,130.023533289773,1.2025000525,1064.48769461159
168.783457011892,131.908903384225,7.23607514302857,0.84925931935,4.14629331223333
595.062347023929,174.577853437884,52.2227381071428,0.570482115555556,75.2483111025
9.8155055125,1.63452148083334,0.373364693928571,0.254363380277778,7.97466348615385
2554.48475751704,55.7812702233333,1231.18717461,61.67774769,2518.35698109091
79733.6952457692,49057.8831915566,1966.25660443667,1014.36405500667,13940.06012309
126.42912565,46.6634760763637,12.8705468225,0.0803637766666667,50.4383473358333
96.2955812291667,335.0419072225,26.8985050925,0.0522399453571429,34.3598688310714
2728.11273853001,725.980533262501,304.254181608215,65.6275677377778,3297.71532581
2.95255743107143,0.0991020988888889,0.139365255833333,0.0048379375,4.49366023107143
68.2666694354546,49.7303518763636,34.9434970125001,16.4947475566667,51.8538324297727
9915.54830421777,10.6727456988889,2142.077784765,71.43713729,4376.30415027182
34449.9137375567,23980.7256200456,428.20943366,4.11166871857143,8134.34049471222
10.4771827002778,1.3642231125,2.73724638,0.135039289411765,26.995174685
0.319661359566666,0.000794322291666667,114.760697198233,1.89411665893333,42.1975944806614
0.7110747975,0.299341435833333,26.01922169,1.69031742916667,12.4853723766667
123.27476161,149.0556216625,5.728811875,3.3740337725,8.3174074525
73.8277350624996,24.2994337990909,202.635682013611,0.27923106625,20.9243196416667
6816.04536688999,2685.13972968501,322.925230339999,92.83554361,2186.8443589825
3.59634549781428,0.48929894385,0.581294855925001,0.0577439183222223,3.41930902987778
1.04185428,0.27914268,1.53672642857143,0.000318775714285714,0.348464964038461
78.5557966024999,53.2601403309091,11.8765973025,0.07098761,99.82760344
10.4714643806818,2.03289694711538,5.69088959,1.52293569,2.11775805
