"A","B","C","D","DR OF FCF***","Clase"
"0.014323368823784","-0.0025372084971832","0.0036014356824233","-0.012155618520374","36.326958806667","0"
"-0.35542368552149","0.30316252537878","-0.035295335535965","0.0041044259187874","831.22538306909","0"
"0.030872491924496","-0.001226107488955","-0.0063013073695714","0.001333920690895","14.788910267778","1"
"-0.061180660902407","0.047203690429811","0.002713683337094","-0.004636175713069","134.49773844","0"
"-0.10315618501642","0.043715728258573","0.072599109824983","-0.01545540417036","448.18959074107","1"
"0.025761170756433","-0.12949712354427","-0.0078269678001556","0.00090703694223493","6.0529456463636","0"
"-0.052634579701641","0.013370891097602","0.070548686266463","0.14386821299951","2064.6608023482","1"
"0.028511065620867","-0.0045744558442589","-0.0102313638354","-0.0016939430274456","465009.84","1"
"0.056345371995852","-0.0080520569206738","-0.066573248689385","0.0066712055700789","4.5435600961538","0"
"0.0053260170823665","-0.0046280704186854","0.019891824699955","0.013765818974166","1186321.0115909","1"
"0.28046232359133","-0.14043101921294","0.012125939553542","0.0019545632815607","8128.9619908025","1"
"0.0075219209866075","-0.0031694390341688","0.0074470014415523","0.0013702946978485","6481162.8447222","1"
"-0.025377698120667","-0.017606851413498","-0.028901780967099","0.012772780910424","214.14385656694","0"
"-0.10274926623227","0.091451503782235","-0.0024425474190142","0.00060952165574232","25412.788894584","0"
"-0.034283869720054","0.021015887291492","0.0053184956015086","0.0020746188481068","353607.25666667","0"
"-0.063893239092418","0.018815130391932","0.0020170897387217","-0.011688504690773","11913.103601167","0"
"-0.046962635889374","0.0061382783638671","-0.015784565248758","-0.0052623301413224","909.10445309","0"
"-0.0067044008154535","0.002705000616249","0.00098811807929985","0.00024334128411001","74153.6665","0"
"0.057296432559341","-0.058802063897162","0.015661082254159","0.0015915056159212","36.65239961","1"
"-0.001965881721317","0.012786358878756","0.037606432303411","0.0040385687195833","379.64335212068","1"
"0.17063750333422","-0.07491064283809","-0.15646751577623","0.087086428888828","201.86596872667","0"
"0.037814308026668","-0.0079602349773994","-0.025923635937215","-0.01045866463155","31886.6025","1"
"0.27205600789082","-0.11524471551328","-0.13914469870078","-0.00026260041435459","31.783086700278","1"
"-0.19133884093358","0.074841052686141","0.22596702277482","-0.037951357986296","441.4336","1"
"0.052335965174511","-0.026078641235324","-0.0030743654051169","-0.00021199663256375","230234.81773929","1"
"-0.039013158002679","0.012330217790439","0.15382007184254","0.0077698510490299","11.960326323333","1"
"0.025725554512159","-0.0038830405375061","0.017849045306093","-0.034531613947231","692.62537271","1"
"-0.092685278528769","0.053440814227599","0.0073314596730259","0.005471609973168","47195.430192308","0"
"0.074704397201974","-0.031468345192355","0.0023884060925725","0.001460402999511","3134.3318237952","1"
"-0.083264219099482","0.043655085382425","0.030273052759526","-0.0010389680207453","931.31687584694","0"
"0.23258192142375","-0.096715279349805","-0.087290877317151","-0.002950347549901","13.620439778056","1"
"-0.064273301842735","0.052625880185174","0.0043965928037667","0.01062502271682","662.55822690909","0"
"-0.022409130395519","0.010817074730291","0.018861026215489","-0.004258558508321","2894.32546729","1"
"-0.077920234273078","0.018779780032582","0.056288380518363","0.0031771781484397","7.3205346167857","0"
"0.29392184960213","-0.2941973997275","-0.0044109138045561","-0.0062242993948583","484.45493378","0"
"0.022137995816843","-0.0061573037361098","-0.0090957751937541","-0.0024777030453456","33363.182857143","1"
"0.019076266615604","-0.026187003414054","0.037939902241508","0.042216175909636","29.61907669","1"
"-0.08417231712616","0.0578111252549","0.023116154771034","-0.0047664159383933","4146.4581817847","0"
"-0.020140596234748","0.019857251681183","0.026449817088504","-0.006266149802086","140.54172079545","1"
"-0.012196011699873","0.0050606908336099","-0.00250762496432","-0.0058258121432456","80612.05","0"
"0.0737213337096","-0.010612788115197","-0.018905381943929","0.0074110255841991","2341710.1336111","1"
"0.12511360022931","-0.065202487104423","-0.038266815730262","-0.0060884374679727","61489.496065829","1"
"-0.071302408725019","0.039826551067645","0.0060118784222112","0.0034368100914503","960881.37666667","0"
"0.037001611117062","-0.021314075674128","-0.032487912107936","0.0010589957449576","4.3284266433333","0"
"0.017518428236575","-0.020248430483378","0.0042416783934125","-0.0030614981139286","80576.937847222","1"
"0.022850537512538","-0.0044101763483358","-0.0048126669044837","-0.0084225932230121","16.8508565725","1"
"0.020817482734385","0.011651429308292","0.08746795788572","0.002669197073158","5.620078255","1"
"0.041986665509633","-0.024971677609274","-0.010245675835082","0.00013107194529337","18.26645154","1"
"-0.050933125934749","0.018835698542228","0.003241847614446","0.0075251741817829","34.2577091125","0"
"-0.084674669784791","0.081881317585049","-0.0005145107887826","-0.034952190233662","153.17768138","0"
"0.01387577572711","0.015364005397601","-0.044807359212056","0.0017166320320729","38.904461275227","0"
"0.00054382999298253","0.008965963415116","0.0034303032184388","0.0014698107918447","259256.14","1"
"0.0065348830541987","-0.0020545918444175","-0.0016316442297118","0.0026892685466394","1786.3336444654","1"
"0.043346464390048","-0.0066174503914322","-0.0057307797835658","-0.0006903933722714","112157.42157668","1"
"-0.25482984129596","0.15713805674351","0.00027042764887181","0.01007655483826","10811.21076004","0"
"0.030797368766232","-0.0060043776971262","-0.019816902971743","0.0015025896572203","510901.665","1"
"0.047470452721747","-0.034647666246182","-0.0077349262651685","0.00049652129855535","25820615.7525","1"
"0.031950566119403","0.0024447619387952","-0.015287567883311","0.001297100333205","7797.2009615385","1"
"0.10378193693614","-0.037768430592236","0.017540623254031","-0.0023253485057533","20.0294318225","1"
"-0.026144902180214","0.022807273903711","0.0050482723993962","-0.0040207622202543","7126.2560766718","1"
"-0.0046474021203837","-0.00089455946442782","0.00095831963818843","-0.0056179396796901","536198.81083333","0"
"0.012533736918579","-0.0031598386910291","0.00088295048629101","-0.0046477066662018","11903.60713973","1"
"-0.022060361881115","0.01935164589948","-0.0017155985549236","0.0014744067706443","123233.78947143","0"
"0.26776782103404","-0.042996104808327","-0.10332186736983","-0.0081500232190724","293.18401318917","1"
"-0.096895119998963","0.084497055578857","0.0069264553247948","4.6818969659766E-5","980410.36","0"
"-0.040475527232079","0.021559084479784","0.02134229397445","-0.0079831937703057","708.20967419556","1"
"0.016881436691434","-0.0043472325326945","-0.0021519275502633","-0.00073197607379973","115740.04","1"
"0.0057585266373453","-0.022220343456492","0.0095922660256455","-0.014505089122592","709551.21138889","0"
"-0.14925321498579","0.067147346424735","-0.00034312134757759","-0.00013687935510074","14593.13953445","0"
"0.023087923696035","-0.008722336401225","-0.019030993335478","0.0016269685974495","7885.2219963525","0"
"-0.050047818239006","-0.0074482848729556","0.024768482048545","0.0023836458926069","118958.69522727","0"
"-0.015953044313794","0.011147383540065","-0.0037161261721558","0.0010026194989528","2444.7500084218","0"
"-0.057257653658243","0.015039697849539","0.021021902555608","-0.00096322025256746","2510.9361151","0"
"-0.084415456622541","0.050251239397382","0.0066920063924429","-0.0209088761477","16112.821428571","0"
"-0.083663198145691","0.025294216574327","0.080893740857762","-0.00054707805925463","722.77379864068","1"
"-0.10277160797219","-0.0042933576841176","-0.01535743946479","0.023226963068554","1243127.1854545","0"
"-0.00085090823031861","0.0016420311817329","-0.0036441591390095","-0.0022380673503681","61.23459314","0"
"-0.006742176849979","-0.0068316679220433","0.022309259467275","0.027764757778382","58152.25136917","1"
"-0.03306640138803","0.0041095626033382","0.020779099933118","-0.0026884991631424","220228.89617613","0"
"0.037847173226638","-0.010794643130245","0.043572429224751","-0.022102197531838","81.323207835","1"
"0.017952511910649","-0.0084349972294767","-0.0062369077441304","-0.00082383290232433","8648.656225","1"
"0.079132444748046","-0.082767360852129","-0.028593302811043","-0.00073634123891705","6317.4559871442","0"
"0.054838957253721","-0.028002408810967","-0.026063639416902","0.0017422693224872","27.0884750325","1"
"0.0071898085659027","-0.008105816372868","0.0037022092637395","-0.0078903741157685","1167695.29","1"
"-0.2360332878336","0.17472610883305","0.027289643077419","0.0011914984605647","18922.639232903","0"
"-0.11841892495455","0.078825942510761","0.017136395694704","-0.0056717192988634","472864.32082857","0"
"0.0054202733525545","-0.0040044201655456","0.034977961272112","-0.0097827941315632","8082.8741413525","1"
"-0.10454003958167","0.037130188862138","-0.051683221112023","0.020749418251005","19.183989665","0"
"-0.045711905403374","0.015924513282713","0.015120403551335","-0.0070735401673228","71644.248244967","0"
"-0.025084652624772","0.022752786853089","-0.015653086131482","0.00091906191992577","5.1691518325","0"
"0.030385757494424","-0.013692162425383","-0.016862111560424","0.0011207048537921","6434.8502847642","0"
"-0.0204745115405","0.0062933424645289","0.0077781701471379","0.0014257717736066","4948.1646212558","0"
"0.0061317415226654","0.0033709973419904","0.032929876405247","0.020211620304997","6.2719227665583","1"
"0.045617191700174","-0.011423339033332","-0.015607973336898","0.0030965621625889","269071.42666667","1"
"-0.040429545420418","0.01948555100615","0.0053216680075737","-0.022478787544644","9869.3869864469","0"
"-0.31750017237947","0.18435057878042","0.1118038583631","-0.016626493129674","15.503732547692","0"
"-0.048598438397618","0.026746440729067","0.011413944449349","-0.0035579372618541","5908.2775829134","0"
"0.0068790876781169","-0.008801044174223","-0.0092861291042867","-0.0043863408716508","750.37179947667","0"
"0.071772047337645","-0.027819778475722","-0.0091694273238478","0.00095473041862176","523.25765","1"
"0.097897027487383","-0.067437014493505","-0.019723040412878","0.0039031098687668","3143.2686842292","1"
"-0.23792319331505","0.14950695643677","0.045440904859765","0.00041789668944634","3005.9782279767","0"
"-0.013145848867898","0.025370484512815","-0.37604545824881","0.0062736875080544","75.517220293433","0"
"0.044265740447065","-0.002059411279795","-0.02586184250832","0.00094266973817456","1485.72747121","1"
"0.10757639945447","-0.037919730550495","-0.001962680055273","-0.00083473078362824","6544.1748607445","1"
"-0.36976437910326","0.2249267092913","0.037050358209705","0.023479027327526","349.34264199","0"
"-0.054030471863402","0.034986351539496","0.0071333525454901","0.00030471569391501","13821.485388636","0"
"0.0073122846357741","-0.0030786867073708","-0.020697229397029","0.0020114331302405","87636.877045455","0"
"-0.012117490135933","-0.0015946882067306","0.0018050087572335","-0.01909266512266","4328.3632952975","0"
"-0.27006850486988","0.1966856968526","0.1718399923203","0.00071144531353782","211.96850404333","1"
"0.00020433334385805","-0.00401640285488","-0.0010609852262887","0.00040816980225987","3088.09660332","0"
"-0.41772936386972","0.24120515479815","0.084849234088853","-0.0088984532884265","73668.8181","0"
"0.041324649956814","-0.0037478681194536","-0.031840329351465","-0.0050504157271199","44.2139230525","1"
"0.016614639859563","-0.0017987868854526","-0.009898678184288","-0.00039078215442003","28260.528129785","1"
"0.015499044730483","0.0024565286516277","-0.00026917461184539","0.00064606080654409","22343.209288889","1"
"0.045037021376978","-0.002843327115944","-0.0094439420433316","0.0019526266412098","4549.48070276","1"
"-0.014845944005327","-0.0070133184021073","-0.0013904744908293","-0.0032231772692794","4752.2016038625","0"
"-0.058533141379067","0.065000260488778","0.17485711699783","-0.00087607816300655","1207.081918135","1"
"0.020471131191856","-0.021968860713046","-0.026950998501892","-0.0021880004679488","730.18178580429","0"
"0.00095880199694653","-0.0024298681266462","-0.020857182713338","0.00056940809822508","30.237620258864","0"
"-0.041585625043463","0.034823468640804","0.0070477013284983","-0.0007776237551196","30834.621326731","1"
"0.01925502861675","0.0031361162709273","-0.013871443575541","-0.00047447718935294","633.04641649","1"
"-0.17724380623685","0.011685515237122","0.29085590343149","-0.023287539700971","151.18286487806","1"
"-0.027055329143441","0.0062968454405477","-0.039063143535034","-0.0037476261093649","7622.9007793611","0"
"0.05592909663863","0.094746634668624","-0.0056642670581833","0.0068365778354925","17973.002451272","1"
"-0.065478483599363","0.067805193491904","0.0098019472602433","0.0045136427692599","20173072.295227","1"
"-0.067200764492734","0.019692498499142","0.019094672924772","-0.0051364199498067","234.2717385125","0"
"-0.0018515827496118","0.0023367858436206","0.0034503287337495","0.0076791571809895","1137.9557091325","1"
"-0.066066794037488","0.043527441210196","0.020767006759232","-0.014384294060255","6047.4665818182","0"
"0.0071183805494003","-0.0027553506643695","-0.013007272901966","-0.0017184260557615","1015.1530823125","0"
"-0.18014114964738","0.15886691873976","-0.0042235754880738","-0.0011891997182083","3748.1226713325","0"
"-0.054954679715613","0.026675433135002","0.020578505196988","-0.0047584379438252","738.34064771","0"
"0.068398898502356","-0.0065136507247304","-0.01009611393393","0.0096604711299361","1131.1960426225","1"
"0.026392165113785","-0.012780180275506","-0.0045347335442965","0.0018375991000733","2392.2808506781","1"
"0.016912964772884","0.0072063046272036","0.0024356287573735","0.0046335805668989","98643.731590909","1"
"0.0086207806213352","-0.017919757581411","0.0039814511698267","-0.00063564551962478","82441.0925","0"
"0.0023159213988886","0.0081153946937863","-0.0011843690700311","0.0078224756437779","4453.3114454545","1"
"0.1092593448688","-0.026599660239666","-0.060397278115333","-0.00021572131439012","45001.91","1"
"-0.06565079726614","0.014310752899602","0.023097297822434","0.001507237041904","923.5222373125","0"
"-0.021871201789591","0.0056771840407439","0.0050267609886704","-0.0012075902771292","4961.3221636933","0"
"0.037623150394148","-0.02853836219374","-0.0088370836835296","0.010210582000824","2156003.92","1"
"0.025938317049513","-0.011149888120938","-0.020869000533029","0.0016063388821541","2.39445208","0"
"-0.18070685452359","0.095193303780732","0.11144325522206","-0.0016154411774736","170.13421342","1"
"-0.0093186853251436","0.011224462177535","0.0010430389695728","-0.031721246347698","217331.93680446","1"
"-0.046437833518627","0.015305590164511","0.023020875030792","-0.0073458939183444","353.83454633","0"
"0.037705251001079","-0.19809724039893","-0.036980744660619","0.050463476635782","1.602951001725","0"
"0.017533275314812","-0.0081250992361274","-0.028589437598798","-0.0022738735653181","152.236896625","0"
"-0.038194224396877","-0.00089405045762586","0.0052384376078368","0.0044084888178588","155.0494941325","0"
"-0.022468406839968","0.011320019425574","0.041909202113203","-0.012954601700726","211.92586474","1"
"-0.0001481939262728","0.0014185558164252","-0.0051573523131675","0.0046469876131989","72789.524675714","0"
"-0.47766994542745","0.46115071600342","0.01112639543659","-0.0035868729323496","77814.773325521","0"
"-0.044534611846421","0.03691280820035","0.021009216233137","-0.038167894633295","20200.573876557","1"
"0.16929843947488","-0.13840955297132","0.021836242355917","0.0015916908621436","76.637047631591","1"
"-0.031935252793561","0.023006272522306","-0.0045115348876703","0.0060267227390492","15.806232580278","0"
"0.041432821397197","-0.011974937290722","-0.013410387813103","0.0017162989634619","8220.7030380671","1"
"0.17053759142172","-0.1488672870678","-0.018542475372949","0.01291752535402","17381.533242594","1"
"-0.0072405499717283","0.0056607438896746","0.014082977833923","-0.0078060425111104","499513.7530068","1"
"-0.012196011699873","0.0050606908336099","-0.00250762496432","-0.0058258121432456","80612.05","0"
"0","0","0.058892342227767","0.0098869820849892","1.1762445421679","1"
"0.11589719038081","-0.077356165264502","-0.043719352502613","0.0036947640050041","76539.962679153","0"
"-0.004501629078473","-0.0043764634747512","-0.022509108204702","0.00058346427581107","10211.646363636","0"
"-0.29583710135638","0.086540620832642","0.21881418302458","-0.017440969230022","242.882299365","1"
"0.0060528915575553","-0.0067497205482123","-0.0011711486869723","0.00022654052344289","2374.1434697781","0"
"-0.098944674928265","0.025820937353445","0.033999912013315","-0.0087960050402044","226.23113727111","0"
"-0.00086972055189463","0.012069755400488","0.00092809167716694","-0.0022136408701242","337618.82472222","1"
"-0.031466371139195","0.0182174172054","0.0446147185692","-0.010679581175488","357.62499985","1"
"-0.12482844381123","0.083630575350859","0.032954006507545","0.0068669387519596","1355.0164252727","0"
"-0.20734128396786","0.094021451150656","0.12223612993567","-0.030166213728303","38.0067346025","1"
"-0.098892810665843","0.41887311227206","0.90773226493489","-0.034564971405668","2.068951735","1"
"0.037623150394148","-0.02853836219374","-0.0088370836835296","0.010210582000824","2156003.92","1"
"0.028683040830648","-0.0071529378804803","-0.019913870817506","0.00082873920786864","18.566440905455","1"
"-0.01227478517304","0.0059784980911401","0.0063180214835958","-0.0018999901493126","1605006.3725","1"
"-0.020352074254225","0.010791046921322","-0.0032989927884725","0.0062394305674182","2081.7490954433","0"
"0.028758275263378","-0.016256098777321","-0.12238197181166","0.0023913623748201","1457.4858713","0"
"-0.022925150132819","0.015684113437236","-0.012326290210637","0.022927649837531","6255.7029522727","0"
"0.088607398131115","-0.092837605076127","-0.023810429714417","-0.0043702171722522","5093.0316993952","0"
"0.027886379294838","-0.029790626663386","-0.0058778097554664","-0.0025006508117008","2382.9793966025","0"
"0.066026162304218","-0.03202439611945","-0.002354486522238","-0.0005512399824885","63006.032713469","1"
"-0.10718035917575","0.035899484666001","0.0019073662474327","0.0051588933693215","127.2322723861","0"
"-0.017105168223487","0.0093422223992426","0.00057350467706781","0.011198830203099","7103.5257833025","0"
"0.10594291189332","-0.016558766633315","0.056318402783421","0.061114674023159","41357.17966216","1"
"-0.0093339793919933","0.00037403402010044","0.0023651497416498","0.0015704791472187","22084.202166997","0"
"-0.25232853188712","0.21013159090123","0.034858882366172","-0.018968592440605","126.56536771143","0"
"-0.073917318470534","0.042542234690546","0.0034110713672807","-0.0031467546317106","692.1282129625","0"
"-0.00071816354984341","0.0088636304185382","0.02335302976388","-0.004015266341648","3191.48586632","1"
"-0.47263291790828","0.37731294660052","0.092359543946388","-0.0018300686915022","10680.02577821","0"
"-0.014479692749085","-0.0014886576510138","0.03814608700446","0.079069339090886","281.11087567667","1"
"0.14485087291474","-0.0049778997456834","-0.1311877060778","0.0054051598512834","893.65563295806","1"
"-0.042703778652168","0.043284537013396","-0.011474780845607","-0.015460210796436","28.2975275625","0"
"-0.014365155604198","-0.00061668870677417","0.01047946883695","-0.31118829751409","1981701.19","0"
"-0.10951255157394","0.05216301819006","0.015922960459466","0.0023309858004799","5.0988987733333","0"
"-0.024860358814958","0.016762877754572","0.0075040584335257","-0.0018109901923102","116960.2419308","0"
"0.05814466929879","-0.041777462242224","-0.27925804271034","0.0093050701398912","2141.4891891733","0"
"-0.046758967923399","0.02836833106779","-0.0022848562584941","0.0019671210813869","1370.1127837344","0"
"0.058517876947585","-0.034631230022127","-0.024801101385672","-0.0054904048397311","9148.252419147","0"
"0.11793573984339","-0.059707077468798","-0.041146357576464","-0.0083619361783907","43.317830737778","1"
"-0.053076520951444","0.052021764873804","0.0015990663031024","-0.0043713054887565","1448537.4950184","1"
"-0.12690458619661","0.10567299172292","0.025777495402521","0","18.657837591389","1"
"0","0","0.28053453052794","0.021611334130825","1.5051382137889","1"
"0.051470574701436","-0.0018521407546469","-0.02974162495963","0.0003483998121356","48.11531025","1"
"-0.024580361162606","0.010465218050588","0.070882753823589","-0.023233871645305","2584.1162591071","1"
"-0.16972653631554","0.11397116697909","0.0049798706729081","-0.029857297388526","73.29370828","0"
"-0.09242410082864","0.047758440981085","0.011509036497732","0.011804442414676","25.034730081025","0"
"-0.061180660902407","0.047203690429811","0.002713683337094","-0.004636175713069","134.49773844","0"
"0.0077171993528516","-0.010129485120516","-0.0060378291205656","0.0017767044012577","6.1581172566667","0"
"-0.064925697300387","0.051816223091456","0.0077402191405958","0.0011155088957187","20600.375746523","0"
"-0.057076304027433","0.009204354753135","0.055217554744619","0.013632211042647","39771.741325219","1"
"0.088449827073219","-0.073698522976162","-0.012867625449288","-0.023362383492131","3236.0750430825","1"
"0.12236094191473","-0.11748759167684","0.00031062999174856","-0.0018195345881872","4124.1009093958","1"
"0.038765359063905","-0.041494369288978","0.0086784143700718","-0.00036711843639979","1332.888711515","1"
"-0.023653161923186","0.0069614206938488","0.0029890224163483","2.3349854744058E-5","5890.738424864","0"
"-0.027365019708643","0.0048934819822314","0.020889820270294","-0.044964558960389","3406.6855561858","0"
"-0.43566944810791","0.085529474082147","0.22313277570822","0.0052108348128932","110.75132704694","0"
"-0.10558347085177","0.0099731901999481","0.042106645402567","0.0037274480134333","1.0704951481455","0"
"-0.083836917036477","0.055637611809729","0.10489172702624","-0.016925782459107","19.230388643333","1"
"-0.081419339812892","0.039596405527195","0.022285308959409","-0.0037323586533591","65784.842355098","0"
"0.05571523170561","0.012191521163648","0.01158743487279","-0.00044319332523469","7.7623119006614","1"
"0.049888301497584","-0.021938051291862","-0.0076949719225289","0.0081539047667659","9230.64696889","1"
"-0.011566455133557","0.0036716715494732","0.018862045667432","0.0065285339692272","73.144478854167","1"
"-0.69093484461451","0.39414342848072","0.12371777103648","0.0025738127762962","2573.8213195767","0"
"-0.11121190833559","0.070035376847177","0.028758272043482","-0.0054452934120449","208.08057096694","0"
"-0.012196011699873","0.0050606908336099","-0.00250762496432","-0.0058258121432456","80612.05","0"
"-0.0059345061947831","0.0076133502171823","-0.0041561761611756","0.0034533428442266","126254.07335833","0"
"-0.067267347247507","0.036750575060934","0.008646060554698","-0.027958817845532","601202.2625","0"
"0.085868158433526","-0.067094732910522","-0.02117748651455","-0.0099170305463553","6451.2934090909","0"
"0.13139316377146","-0.071569345759389","-0.14253822476962","-0.0027989536211413","177.92737511139","0"
"-0.017750387411825","0.010186859702027","0.0052276812391451","-0.00078566629138151","728.78375365964","0"
"-0.14393585610496","0.081635152384466","0.0026168307872407","0.00087041539783998","7305.33877304","0"
"0.066578976663475","-0.052285114840905","-0.0046411030901149","0.0043171184087818","75.277441149773","1"
"-0.0042024064373434","-0.00013271808429141","0.0093636175551695","0.024295162957389","139.88643456083","1"
"-0.013227137877048","0.039721952102888","0.0063901271406771","0.00078425942378868","395.44292126769","1"
"0.050408854239791","-0.065184191015417","0.047576188561091","-0.077416479825382","61.185458137469","1"
"0.054648050259234","0.0028218619068601","-0.042893405539699","0.0066223428618511","14.784447375","1"
"-0.44716820862679","0.42101530763653","0.028628624765789","-0.0039852992917238","9361.238","1"
"-0.32406497819139","0.26693288688529","0.071554683796453","-0.0031758506968991","498.91154461341","1"
"0.021357522682587","-0.023157543473629","0.027532466752091","-0.0027060032816631","1.9665355475","1"
"-0.15505854324832","0.097628557862818","0.037537622541526","0.0011908058318354","144.57711264","0"
"0.082159571423756","-0.044504599394604","0.0026582465691059","-0.0070884120445313","3.17249119865","1"
"0.15641752839835","-0.096817915642641","-0.02365107754846","0.00069889521949288","2130.3323719167","1"
"-0.049775733627336","0.0094452601778747","-0.017945734895984","-0.00037932334645993","15.5835650775","0"
"-0.11226819398497","0.041269722206671","0.043797585446201","-0.012160571950031","36.489651431591","0"
"-0.10741766585455","0.015160068530803","0.040805531190451","-0.0032271571964929","418.74465525","0"
"-0.20929764731437","0.092003834895975","0.093763121137594","-0.001550208171876","242.1889954","0"
"0.036770251671805","-0.01928223692054","-0.013148850660798","-0.0026639735613413","19835.650708912","1"
"0.2530545781888","-0.086335036567972","-0.028573759426399","0.0062181793732883","60.773358028462","1"
"0.0061060839063805","0.027428599218245","0.040636543691748","0.0085363587104171","11.183997263362","1"
"0.27625279471364","-0.19761840577817","0.018653321900558","-0.0016911851247294","4533.113368035","1"
"-0.0027427935057973","0.0010922196464041","-0.00018792594487491","0.086430703774327","6.1880003625","0"
"-0.012277481505016","0.0080389962324661","0.0079956911135513","-0.0066498872270314","3728.8778278889","1"
"0.010892863345553","-0.015524384168702","-0.014673784301359","0.0028801848106055","12.65644181","0"
"-0.017523748472794","0.027988765446772","-0.0032897704053062","0.0024273979860618","7136.7214958873","1"
"0.0094932691963791","0.0023586678932119","-0.036858201494928","-0.0037974902252662","1960.1285402873","0"
"-0.026752247082756","0.01408361721068","0.0047563959202313","-0.013237747293134","105.89855353","0"
"0.011388562294484","0.069345491382203","-0.11477060319078","0.017077216664731","18.793707337778","0"
"0.022137995816843","-0.0061573037361098","-0.0090957751937541","-0.0024777030453456","33363.182857143","1"
"-0.020254897381641","0.01368950975835","-0.056415512698234","-0.0083496291379399","0.7914996525","0"
"0.38959580447692","-0.071348637232639","-0.0072582622673837","0.00028539999107521","7191.3895039375","1"
"-0.084898466141731","0.023473014520326","0.06748552873987","-0.0044985351761354","32.0447619925","1"
"0.012798706731214","-0.0065602240280748","0.014083614897132","0.0043682116439681","27.388849828182","1"
"0.057081406731761","-0.040058961704586","0.099299620593154","0.00048704797097542","63.19447925","1"
"-0.36975772284502","0.25094734164863","0.070045006617137","-0.0041154135602306","563.13778025","0"
"0.0078433121406287","0.0025875471507011","0.055090675479112","-0.0066866806977388","600.73225736111","1"
"-0.16416287851821","0.099766149294251","0.1638180292894","0.003633982988025","486.8524273525","1"
"0.15086688502592","-0.025004910304589","-0.091238323359365","0.0098042189017249","8.1854547625","1"
"-0.058461328393422","0.057704262388115","-0.008659348900794","0.014730643815178","76.651492","0"
"0.014274209028908","-0.011481564650034","-0.0018770254794424","-0.0069093769385956","179262.69854968","1"
"-0.13229013258494","0.099154471190791","0.025705297281008","-0.00034781225248078","20.161202115","0"
"0.077236628545668","-0.054796878614234","-0.033521065250632","0.025965403501497","627.9992268525","0"
"-0.021592149533986","0.017098813336713","0.0014699590046615","-0.00029690324375903","19870.001079545","0"
"0.13544280991004","-0.082447468836493","-0.032684746757213","-0.0004763587228201","3.6120533425","1"
"0.13292597545254","-0.029125701940717","-0.095679503240485","0.0048237702281362","1251.3217228525","1"
"-0.00034990794044931","0.0041311913359988","-0.014912406580876","0.0045055888442356","2461.776724048","0"
"-0.095570940469361","0.025787197778508","-0.0043664790329599","0.0066519039640914","148.76550528917","0"
"-0.06061182201323","0.064323836637166","0.0078869531998248","-0.0086732941299439","4.4821731325091","1"
"0.050972141425337","-0.011367078899987","0.041090926231603","0.0043708146202941","566.272376985","1"
"-0.010291468763844","3.0996755264551E-5","0.023593583741282","0.0015142457868441","35.7704140025","1"
"-0.11124437430284","0.027195497983727","0.0028780303574404","-0.010554045898103","89.50066304","0"
"-0.18029588163729","0.13331759638943","0.050178911804759","-0.0057858438054949","51.0830949525","1"
"0.048561630144219","-0.062164435205276","0.0028687608721171","-0.0047124092733659","13.765832169167","0"
"-0.029956067440986","-0.032520197308201","0.034905512177612","-0.031465261053318","4.90854681","0"
"0.0044005337840753","-0.0025237086020597","-0.00022685565330317","-0.0092577407521266","4194595.3724247","1"
"-0.18690536078015","0.13703940870106","0.014589559830674","0.00040695195068989","12851.624125673","0"
"-0.095878340202621","0.041768101478093","0.099803591883102","0.0014535597476428","0.38910340428462","1"
"-0.0071812377750863","-0.00093801528131367","-0.034175787284657","-0.028854668154923","15578.446198558","0"
"-0.053274894096008","-0.0083690226642471","-0.0001358586660354","-0.0006988747452072","3.9077524843182","0"
"-0.11800613943928","0.052666138915503","0.083603595081735","-0.0012900688653502","76.846550776667","1"
"-0.16829827236238","0.14906396889069","0.018031867494296","0.0013293124101313","491.536975","0"
"-0.087689257033453","0.080407780104104","-0.00016586093817991","-0.015125841759692","539.6282832025","0"
"-0.10439745334567","0.06075524724455","0.037123917264542","0.0022913430744547","1.160549348225","0"
"0.085868158433526","-0.067094732910522","-0.02117748651455","-0.0099170305463553","6451.2934090909","0"
"0.17046109519587","-0.14691901998478","-0.020402438044272","-0.009953903012901","111.30404702818","1"
"0.054477605345023","-0.0037206589366516","-0.060469410084012","-0.031567670142483","217.40018281","0"
"-0.0070224988727286","0.0025920063572303","-0.0009591250904048","0.013503870863371","46.440140535833","0"
"-0.14858464055241","0.22420492831709","-0.056618964770013","-0.005301634897233","33.3978151225","1"
"0.0063237602586051","-0.0011795366264375","0.018119412946088","0.0041315387124569","52.05163213","1"
"0.010635222530746","-0.0040785900004262","-0.010759026176119","-0.0095812494333729","336.49247116083","0"
"-0.10745569631212","0.067907481947513","0.053524865533738","-0.010519585509899","9372.9697331067","1"
"0.0073144457684907","0.0010637058609392","-0.004795765967004","-0.0041127089722284","2347.1670610069","1"
"-0.052491652331248","0.0080338800962708","0.015689275511569","-0.00028733050037291","795.98226630091","0"
"-0.0059345061947831","0.0076133502171823","-0.0041561761611756","0.0034533428442266","126254.07335833","0"
"0.0091299412042219","-0.047771007712305","-0.01715731806301","-0.0058159048939307","1410.28002051","0"
"-0.26147452615523","0.19469929793222","0.025579184600747","-0.0017903952835559","33.744029829773","0"
"0.056114006982549","-0.014246314278399","-0.038338903348336","-0.00041628786247787","3716.957549517","1"
"-0.077770048014847","0.05703438017974","0.0048384360036791","-0.0051549989011137","25.5453128225","0"
"0.014679792754298","-0.026090709501148","0.1093433774257","-0.013723974521654","43.227273405833","1"
"0.0021564633903872","0.0028091821569304","-0.0043113259740961","0.00030853813977344","107.99719752364","1"
"0.015327535291175","-0.037206525556736","-0.18577913509665","0.0081522412478455","91.92450434","0"
"-0.022655300393902","0.025090962400797","-0.00040999432310578","0.00075440330141057","60.862554489167","1"
"-0.10312474170068","0.044749987486327","0.11627378927015","0.0017692840042463","70804.13380474","1"
"-0.12547163614077","0.087988256686784","0.016176946221266","-0.007053733209957","140.14012961727","0"
"0.063911378732344","-0.0061557851164484","-0.10973283183446","0.036257185301438","0.42129260795455","0"
"-0.10093460648051","0.017863057502472","0.03751326147047","0.0026944861775281","2.9382003125","0"
"-0.030713483388641","0.088331953985845","0.0079070383130918","-0.050710976717672","246.06523493361","1"
"-0.096887638302678","0.0048666788300536","0.00870063679102","-0.0089891754499666","52.889644696667","0"
"0.0044603932131926","0.0097470806744753","-0.0015611891311508","-0.014239624207159","204.99830553","1"
"-0.012344777479485","-0.0073019938661105","0.00018603147887168","-0.00042886758060731","3648.0390874087","0"
"0.013188545767263","-0.020879671846555","-0.018049381849019","-0.037327222242498","34.030181110596","0"
"0.078958725888259","-0.074154858836655","0.051122924566665","-0.026314168836712","2091.9384070192","1"
"-0.082986459960732","0.069018034278693","0.0061352038328815","-0.0039714493879345","267.75704140444","0"
"0.016177721720306","-0.012391560265103","-0.0037971601934686","-0.0035266552803203","503.5832162739","0"
"0.016682520303325","-0.024981349655243","-0.0001734119992535","-0.0068657644198851","180579.01119043","0"
"-0.013795194349445","0.010732228990352","0.0044675958279567","0.0051700600574347","461493.23076923","1"
"-0.1203459135144","0.097628044461408","0.0018930753772256","-0.0032427857251514","42.539599713611","0"
"-0.034396654545644","0.043353642010967","0.0094274695691307","0.0034550467256571","48.689744426136","1"
"0.015733220600825","-0.013888133938724","-0.011199717016188","-0.0022942563072321","9.7999896666667","0"
"-0.095168549561683","0.081258202261589","0.007602858176719","-0.0012616870749993","30.19206264","0"
"-0.44666131788421","0.2571628077558","0.0016643246166849","0.0026493829206787","54.596280279643","0"
"0.0056227218762266","-0.014078717621276","-0.0054495731760869","0.002298454421118","10.524313946944","0"
"0.076698422965099","-0.029021911896749","-0.019828813211785","0.00035079803691091","3144.3560068214","1"
"-0.042195363457787","0.061366293073799","-0.002099486352597","-0.016483064293957","65240.594649989","1"
"-0.001103926132812","-0.0028355037029998","-0.010721000321979","-0.01237032482062","713.78397011909","0"
"-0.030598804045763","0.015253787014642","0.013560722131447","-0.0052382034547292","575.80557720432","0"
"0.12124830355669","-0.041244088151853","-0.079558674436044","-0.0074548973251225","2.7635011625","1"
"0.063495731531268","-0.037683701733119","-0.010468133515574","-0.00025154760877314","20226403.382308","1"
"0.11908795433622","-0.10863534678382","-0.0095795051904583","-0.008206165780224","294.1831486125","1"
"-0.077581201558665","0.076510322802417","0.015990047954398","-0.0015915740686755","55.446981328889","1"
"0.045847969285922","-0.032894696608381","-0.006900667928823","-0.00079915248307421","16.0324133225","1"
"0.016041622054488","0.0062892753492025","0.0075420265622649","0.0060152836961366","2555.2412506678","1"
"0.016047277718081","-0.014827307496655","0.015932705827011","0.0053839601562762","585.63761807692","1"
"-0.032288958543225","0.01667007915719","0.01494087972396","-0.0033843618117693","1458.9115905822","0"
"-0.033312302271428","0.026038172489449","-0.001128239769356","0.0001881336803325","611.1495180725","0"
"-0.089788687439798","0.060582988309765","0.0047536520853471","-0.083491508136406","0.707349426925","0"
"-0.04844999867313","-0.01758665871991","-0.0015753042604521","-0.0080489868385454","573.17399820364","0"
"0.011696083439184","-0.0037931936549371","0.02575858347318","-0.029678335122348","3.1300280225","1"
"0.010818120351589","-0.0067613252197431","0.78971907283786","-3.16590278543","5.459604474375","1"
"0.031292934924556","-0.012239989625734","-0.0023301021529299","-0.00055884187235185","149.0817534725","1"
"-0.019786936342671","-0.0032476810681194","0.010492452264614","0.0089317116745744","2.8460420075667","0"
"-0.170940908544","0.080724783211015","0.066059974578924","-0.015919802752087","39.111503058056","0"
"-0.10507015155392","0.07656519247797","0.035981797876056","-0.011935995587639","11.279947653636","1"
"-0.0051426803735236","-3.670883774437E-5","-0.0010512546878891","0.00047007757485928","290.60517522667","0"
"0.0700454724925","-0.060586788651362","0.0052600854882409","-0.0072774895140422","125.64486306222","1"
"0.077345649916021","-0.013979569471357","0.00022326775931557","0.016854122371475","143.29789733019","1"
"-0.19608796644818","0.18255416288833","0.022441527900934","-0.005993964033893","35.74415241","1"
"0.37986998415381","-0.26878689154287","-0.015975118746572","0.00044330250004932","6.70793984","1"
"0.004727572843892","0.094283076347396","0.15325823036566","0.0037329427254088","0.94969152272727","1"
"0.10534325925501","-0.050909394899045","-0.010158110578223","-0.0083488002056252","30.781610306667","1"
"0.0073637922729338","-0.0016478314329611","-0.014253272130618","0.004024037474636","20.13669025","0"
"-0.01474351943231","-0.010989056815976","0.039566966302148","0.00022253560177508","202.70957868917","1"
"-0.18757714683207","0.13640167556319","0.039802162792177","-0.026868801366","248.62206987705","0"
"0.081104288743011","-0.051387044253607","0.0010335222346281","-0.035505419688274","1.990152756225","1"
"0.052241947764625","-0.0027353536949776","0.031773682622687","-0.0053516837145156","363.53006944444","1"
"-0.035135425007556","0.068150073698248","-0.0013399974502841","0.00069832492261326","2.3306779725","1"
"0.013020696572485","-0.002836388074301","0.016675793319045","-0.00049631055744135","110.04487279556","1"
"-0.016624967648059","0.01169605737106","0.03646551553666","-0.093364551415648","11.793005785","1"
"-0.016885822384809","0.012620842848665","0.00421750244226","-0.00089570032518904","806.90695911","0"
"-0.049041670707827","0.011827228185223","0.047698703061384","-0.0052630965713694","6591.1621798858","1"
"-0.090067498701859","0.07843503868937","0.00036460539044388","-0.001802334637475","230.56766944444","0"
"-0.0011373034628306","-0.011725821707856","0.0061799863375812","-0.0038318192237738","14157.043330043","0"
"-0.18606198926606","0.14679572027432","0.053286155943597","0.0047680085709359","127.6379653","1"
"0.1070756916575","-0.05096919211346","-0.018712970088142","0.00049649115596217","4.9804488125","1"
"-0.075161124894225","0.024380438485352","-0.014841771875216","0.0010068319853764","252.60070164472","0"
"-0.011790786377671","0.035462207625357","-0.0051806674184941","0.01256440540518","29.1060328225","1"
"0.032396851028326","-0.016568490309685","0.0035771269983748","-0.0024259256598475","361.9080857","1"
"0.022398258425232","-0.00019881875728481","-0.0094352639452483","0.00047324206330372","8.2016133928571","1"
"-0.081315838392158","0.036043006522284","0.010702795823053","-0.00013346617112496","90.5919634375","0"
"0.013434442568381","0.010325047804481","-0.0024484928864738","0.0015217718472209","2404.976812685","1"
"-0.056403020163252","0.03235888514077","0.017160722625625","-0.0040954781421661","23.8507438275","0"
"0.076272663719512","-0.046910017764663","-0.017492292255737","-0.0037323991413199","8.9528929225","1"
"-0.0096545324780651","0.007888885404563","0.00076422991145633","0.00028083011416951","4085.4849797525","0"
"-0.01161303956497","0.0078864394945517","0.0073552334067195","-0.00096528520364756","13.91885033","1"
"0.022931603055758","0.0087617371350716","0.028851867701202","0.17321457205914","14.018554963846","1"
"-0.008181114435854","0.021057516576961","0.0031879425395776","0.0027216580981109","118.43920992667","1"
"0.30416184288219","-0.042258285731495","-0.12000552114344","-0.036830711806447","26.86314449","1"
"-0.040392438801081","0.014161112553167","0.033616454777951","-0.0043055846766864","2497.7130398025","1"
"-0.020564473676248","0.0077541689014484","0.0031171516637306","-0.0057813063523748","21.0816902225","0"
"0.007413133890206","-0.010764400300411","0.0051701748088193","0.025138798802377","46.023972101538","1"
"-0.2413404689077","0.18036541323404","0.055290953865668","-0.0022483729903835","2.8893034891667","0"
"-0.028437942692836","0.057618375652761","0.015652184696329","-1.5451424994045E-5","23.553617340278","1"
"-0.10712322927666","0.08939239710306","0.012567636014229","-0.00036364814004968","844.63735291667","0"
"-0.078693237828719","0.06980516844458","0.089705440360333","-0.0022078444121285","8.00828413","1"
"0.052220039254087","-0.017280963754121","0.040471140875657","-0.0002912544568447","32.815332133269","1"
"0.10224438680333","-0.10272645790636","0.16003930250132","0.00098521483421421","34.885311832727","1"
"-0.00027427830221524","0.0035534524028305","-0.0072123107067068","0.003914448706482","2.7765055624068","0"
"-0.14166792161392","0.092011329657759","0.017859354930053","-0.0024286149195108","6.8452620725","0"
"0.061646085496791","-0.063598167744405","0.029155269394032","-0.028809303103068","324461.01844025","1"
"-0.25754858601936","0.19761909966825","0.049069303944591","-0.008946121343031","56.829683200043","0"
"0.061162111177915","-0.022213909428014","-0.018604572638049","0.0024392619940816","0.32038127559643","1"
"-0.11490205535954","0.0080423588818561","0.11747366142555","0.0027999143653809","317.8732149375","1"
"-0.021341383670157","0.011588276385994","0.0058153646172809","-0.045072473983648","6436.4095769231","0"
"-0.017018494298616","-0.0063099257790974","0.0028709825103952","0.0075937165303049","400742.91","0"
"-0.07198010909649","0.046919280710058","0.03328685494538","-0.0044488708940131","607.43765962667","1"
"-0.17859105174458","0.13624676704957","0.020382359256709","0.002385205989315","313.1122007925","0"
"0.31341608676256","-0.18823414453187","0.0017653811545035","-0.008954568070985","575.68000817667","1"
"0.0093954187747231","-0.0098201057801159","0.0041020962288834","0.0017528632546523","390.93666825","1"
"0.043135742996151","-0.037392551437131","-0.0048346467522183","-0.0030114318458692","123.33383347667","1"
"-0.00055765033718286","0.022218795221178","-0.0045302552223874","-0.00068652968155181","110.6109973825","1"
"-0.13757884938343","0.10011649445759","0.0053290695028607","-7.0039112208257E-5","14.993291159091","0"
"0.034329989037571","-0.028614028936617","-0.051909881648552","-0.0053907089318837","38.376492585455","0"
"0.00077850652891491","0.0043271188227311","-0.01099706516231","-0.0048994603205599","27.0943144725","0"
"0.037689080580292","-0.040843920029579","-0.20207367067414","0.0024876777230048","236.77818942333","0"
"-0.045453377601052","0.044732544320999","-0.54795156037263","-1.0275109468778","6.9734306380556","0"
"0.065533974659907","-0.046441807031911","-0.0022961549769256","-0.022524705718512","1408.6099253469","1"
"-0.017158043723444","0.0068014588107236","0.0022316544315331","-0.0019326769735452","1.1646893054545","0"
"0.0057879374638877","-0.0010333428897117","-0.01598159061296","-0.047667930276773","8438.794912375","0"
"-0.037410641398641","0.0027844647169109","0.015094041574212","0.0099030787596837","784.36366553","0"
"0.17343990169607","-0.1206842044179","-0.013677463095236","0.0011592006869482","3.5264533","1"
"-0.095715560219655","0.046159696383372","0.15694917651542","0.013628834820013","11.4268376625","1"
"-0.13925301148337","0.0054099476441858","0.10754648462838","-0.0039572334653301","13.794008263125","0"
"-0.00073144884547371","-0.0020062921956953","0.010608010974456","-0.0020232636175216","9.23906806","1"
"0","0","-0.36824070523286","-0.036679600101242","18.927016724722","0"
"-0.01400523815082","0.022984270996426","-0.00073921154714497","0.0026763071978235","86.765918833611","1"
"0.053009579796278","-0.020829702297435","-0.011336575930921","0.0010475003249596","44.8751569231","1"
"-0.046457243991912","0.023380749080795","-0.031402904645883","-0.00031351161544893","10712972.485184","0"
"0.029313464679065","0.0081396468165209","0.059545525648784","0.0060264039787641","39.72294787125","1"
"-0.10089223720099","0.070636022409891","0.020657742376676","-0.0090668636129457","10.950821557847","0"
"-0.11186608306502","0.046143442928368","0.045572020957038","0.015116955488765","3069.62611505","0"
"-0.019045740206914","0.037440062329611","0.075610144956934","0.001520548684046","4.9767246025","1"
"0.10915268500343","-0.0061992413086953","-0.011653510749515","0.0016010997367858","18.17053433","1"
"0","0","0.13664005882049","0.0003975805199922","4.9601352544444","1"
"-0.065491007934405","0.056288357063815","0.027358037044533","0.00033607785955247","449.82311057","1"
"0.049170056712439","-0.04701489498843","-0.038982216568021","0.024488418134103","798.18137891","0"
"0.13898227560075","-0.092986153023561","-0.033709623614187","0.010640849462556","15.50893479","1"
"-0.10917035500361","0.073919905572719","0.021931302467216","-0.0028986092540594","369.2307675275","0"
"0.071407109438524","-0.015878226813427","0.022273532020955","0.0026200460589025","46.460833354167","1"
"-0.00081995556622311","1.4884314743159E-5","-0.11704272733081","-0.012224993941124","1.99806989","0"
"0.087304025795805","-0.039948382789671","-0.0388037453773","-0.0045567433593431","4830944.5733333","1"
"-0.14660646997431","0.20828864962001","-0.061995603921783","-0.009191976628708","1370.4492574911","0"
"-0.017398220759402","0.012269227148565","0.008147950110474","-0.040082206436243","211576.03361111","1"
"0.080138121157745","-0.021234472996082","-0.043138659503839","0.014546295743987","272819.625","1"
"0.014801051496003","-0.00033205042404543","0.028950179845653","-0.050804386336118","275.96185194333","1"
"0.0010170713818357","-0.0015485585561131","0.0036964332563647","0.001397158129562","282779.31562597","1"
"-0.39473488698282","0.19763114319732","0.12102519379499","-0.0024137092386565","87.377763856667","0"
"0.13452586766826","-0.11896627676349","0.014918024604719","-0.018344754108289","9.21034565","1"
"-0.039025120607334","0.028660111674618","0.0057207452789542","-0.0055786099399477","270.536523315","0"
"0.11376644669216","-0.095306844748628","-0.012207984243804","-0.0087292053671549","30390.33155324","1"
"-0.031868202356167","0.018779739691676","0.00086806615112631","-0.0021843513803019","843.3698305225","0"
"0","0","-0.14224971475884","0.013581403869731","449.24530734","0"
"-0.16489488599255","0.080310660352018","0.014477082434078","0.00051792503747613","196.90956028583","0"
"-0.093110015754081","0.086640308523673","-0.022447951333683","-0.0014687841019761","563.6182530625","0"
"-0.050595184864559","0.02263153444768","0.010179771730525","-0.0149985283795","553.94506078857","0"
"-0.1637307808563","0.1381860571108","0.0067536333634531","-0.00024363414402899","1261.23477165","0"
"-0.16829827236238","0.14906396889069","0.018031867494296","0.0013293124101313","491.536975","0"
"-0.073931983809138","0.050272722597566","0.025531302832972","0.026265741413336","448.58118055556","1"
"-0.16257709405079","0.093401328547523","0.0063527539832545","-0.0015221424285916","42.67354145","0"
"0.0057656551115816","0.00011609083585745","-0.00026807664208013","2.8554410142535E-5","33.111250606667","1"
"-0.10267988689706","-0.024499380826699","0.11925765170106","-0.00047609103463035","754.86306669","0"
"0.09022512628866","-0.0090255547784918","-0.01850593218122","-0.0042230220341214","7.0560279775","1"
"-0.067326124260612","0.098860749467563","-0.25182432275719","-0.024767963128203","348.96743210667","0"
"0","0","-0.35993292350395","0.0046899039233618","13.285324782525","0"
"0.017533275314812","-0.0081250992361274","-0.028589437598798","-0.0022738735653181","152.236896625","0"
"-0.024232993417052","0.0084503686840819","0.007712242591322","0.0031192178301853","1150.94020381","0"
"-0.11360663428408","0.085494946706926","0.03781809900248","-0.0103818297362","76.191363785","1"
"-0.21457482111096","0.16584760340117","0.014603711438808","0.045134947871873","438.2300139325","0"
"-0.056812117370739","0.053877867880866","0.0040939066169236","-0.0026760150420458","2987.0904149025","1"
"0.032016801754435","-0.019392619242167","0.0048740145292511","-0.01281699147879","26.339534430833","1"
"0.032713491689056","0.027121247021819","-0.018771462133749","-0.00080779366519485","3.69089734","1"
"-0.1659281745893","0.10917274527511","0.018350432862306","-0.00095442045497071","7568.2774951125","0"
"0.10440799393877","-0.091633437065692","-0.014012404046837","-0.0047772673766355","405.78299375","0"
"-0.030901905908043","0.0028600693185875","0.011004398883217","0.0057029202627496","572.47367588","0"
"0.0093839316255011","-0.021438302468172","-0.00053041378503268","-0.0036854352162567","184.14684622333","0"
"-0.057350849963554","0.047478754726998","-0.00073929695206356","-0.017487876396376","92.458056038864","0"
"0.0035866880551879","-0.013489670948502","-0.0023634936561982","0.00512890509011","615.1372687297","0"
"0.030364657147604","0.00047358703960194","-0.029863150100254","0.0022102008706948","1935.2120886533","1"
"0.0052762609169684","0.011035894889213","0.0013324966706051","0.001881649151077","3576.87498289","1"
"-0.2266923962087","0.18883047860361","0.024079313077217","0","25.498417435833","0"
"-0.042186745459588","0.051145024020899","-0.0027728619321045","-0.0075365413409221","7767.1074","1"
"-0.062598511206519","0.036834878028615","0.020356786735751","-0.00396280362999","79.443705737778","0"
"0.17516929082435","-0.042344352600822","0.022166174744108","0.062894296584418","0.55293599755833","1"
"0.0082317546008181","0.0040847945635182","0.010662320497378","-0.00083484751923428","296.83338606","1"
"-0.091910947207771","0.11878673819023","-0.010854140786967","-0.00021629228158809","5.719208212725","1"
"-0.023753898619854","0.04348824312649","-0.021894176039838","0.0019060312477598","1730.7056990558","0"
"0.022047070874156","-0.0079593564075103","-0.012722661542467","0.0049594581971831","193.1375417125","1"
"-0.015008113954211","-0.10773276080375","0.12663123606009","0.0024377166020789","252.76003202778","1"
"0.10920046281773","-0.025601363200926","-0.0813059170585","-0.005068286998534","1.7216357439","1"
"0.05906857689466","-0.040465375197314","-0.0093447011974221","-0.0056854960230891","1079.1794221822","1"
"-0.065168652868112","0.02575440317707","0.00035391854838835","0.0021187175767072","2562.85742858","0"
"-0.016150034348949","-0.00052202383536911","0.051728822641664","0.0094609288678926","5.1590229715909","1"
"-0.072199771542019","0.060761327212652","0.023785529022623","-0.0021638694748557","7.31954696","1"
"0.028241409054796","-0.022054308405909","-0.0065524845477843","0.00098497273552623","932.21867187556","0"
"0.0048047474970769","-0.021882632714659","-0.038163372672728","0.00072352815205864","5.2020029","0"
"-0.14996221615675","0.12232431083096","0.0069236764414133","0.0046352865804102","344.72214641","0"
"0.11376644669216","-0.095306844748628","-0.012207984243804","-0.0087292053671549","30390.33155324","1"
"-0.054227846201328","0.034248546301552","0.0034202181255357","-0.00020040517147174","567.57162765341","0"
"-0.063968223604509","0.057018819312963","0.00033297907584772","-0.0018930598488581","96.3842294775","0"
"0.039445463172544","-0.048694511811578","-1.4209047836673E-5","0.0052777830571466","2128.3514928178","0"
"-0.018061331136902","0.013817355001638","0.0004306827636733","9.0894013778151E-5","4720.0233333333","0"
"0.063121049105076","-0.03303298041451","-0.017862185136017","-0.0017707576207927","3644.1492010525","1"
"-0.080989343327653","0.0611154744351","0.010647910611148","-0.006646783059586","573.55156236","0"
"-0.048036190337591","0.01321561180066","0.0027251095970749","-0.027356078038505","771.0976246875","0"
"-0.052019645241686","0.037317260718363","-7.5078009735215E-5","-0.0059989627826353","80.6175131875","0"
"0.06444805927815","-0.047632683200049","-0.027465437696669","0.00021674875829106","467.9590163225","0"
"0.020737032221901","-0.0022951035793746","-0.040926305753474","0.00039630774269387","469.63736394096","0"
"-0.059126880341485","0.035773964499179","0.012411995386352","0.0013426981206342","207.06873251556","0"
"0","0","-0.026321741666852","-0.022402270190146","0.94304727805556","0"
"-0.1488262579807","0.047596392159098","0.028955027772264","-0.0070656665240094","7.2015570525","0"
"-0.019546256128619","0.012314612307724","0.009210310841221","0.0021859261222711","587.57433325","1"
"-0.020059629237869","0.039684301993771","-0.0097992663402618","0.0014090390479081","234.0650424525","1"
"-0.089629659397937","-0.0021263776042839","0.07659693542776","0.0039816399262422","30.686484623333","0"
"-0.015561840134094","-0.0059534156828679","0.057280075497457","0.039158897899102","11738.217629936","1"
"-0.028328376991714","0.017011740539786","-0.0023850288782847","-0.0054463145943477","56.04909814","0"
"-0.0490775620224","0.029546568303994","0.012090485028508","-0.0054000366388709","116.00035030091","0"
"0.00099149505884946","0.002982908784875","-0.0066822694274101","-0.0021606296455063","6475.3531783082","1"
"-0.0041688113016938","0.050310044129771","-0.07471007363254","0.00064067811299815","649.24529506778","0"
"-0.13696051177833","0.079975591402323","0.032397442246728","-0.016979070282909","111.19100603159","0"
"0.025536292184884","-0.0063271348971367","-0.020258499482489","0.00040722577022553","30.297659","0"
"0.041659257983001","-0.0028768441164837","0.0057449790617752","0.00015761739021861","42.6604434","1"
"0.029244627779351","-0.013172112460883","0.0090773399507136","-0.0021657413874268","900.19929936","1"
"-0.0025822542322939","0.00018339808691449","0.01409261063704","-0.0043543283189214","955.28340608273","1"
"-0.037144006124004","0.016066216426421","0.013288939216052","0.0032216895961509","33.179028105833","0"
"0.17741335685715","-0.087638126647242","-0.044435565325631","-0.0039931948218204","7.6744021877778","1"
"-0.044910418979801","0.042261952422578","0.0055153882713786","0.0010025139397995","4765.9588366581","1"
"-0.037309910535938","0.035459571840673","0.0035067475126931","-0.019940965096133","10.043094385833","1"
"0.024631977816298","-0.017317928736817","-0.016939761427318","-0.0083627762174036","144563.94723876","0"
"0.086205804649065","-0.04410288237652","-0.026805563694902","0.001611118650126","12.406436904318","1"
"0.024798384790804","-0.0015241051547431","-0.013219542792259","0.0055865897751577","105.64062545","1"
"-0.019593368330164","0.02404187794411","-0.026228000678867","-0.0045405584869048","145.26396438091","0"
"-0.048522669636732","0.047323125643233","0.0041842111206003","-0.0013736712787655","164.0823252925","1"
"-0.083447807673103","0.019982155951949","0.019664988444861","-0.015050797686431","17.8843543","0"
"0.088416781062182","-0.0086284457808535","0.05204592542438","0.013245944908197","152.1733282025","1"
"-0.05765982777613","0.011871735817769","0.023406879257629","-7.4640959086936E-5","95.550710095714","0"
"-0.06986460179083","0.050511196575604","-0.0090764774361637","-0.00022943267737983","40.66327922","0"
"-0.060584495871788","0.0048730147512853","0.033815286011758","0.051468349297087","81266.001205812","0"
"-0.01766871398625","0.01316931269022","-0.073239333826696","0.0030080380551158","1.8415209525","0"
"0.040018927224269","-0.016339473927923","-0.015146040606909","-0.0077651128350071","84.3126978","1"
"0.013809107882287","-0.0088325125594736","0.0017152043469688","-0.0037215153901183","116.10772324","1"
"-0.027997979805944","0.018084268677592","0.0010964478617053","0.0026557466824687","1.2286096394231","0"
"-0.029283161215071","0.014488933098793","0.015630731886728","-0.001490940890671","209.13814850545","1"
"-0.073563186084845","-0.0043557910808015","0.048957008254607","-0.030162805313456","166.35305791769","0"
"-0.052645796607611","-0.05442375610743","0.0017707587248365","-0.00061991142850152","3542.6660811181","0"
"0.070608775497472","-0.017874117093885","0.014915497200503","0.0002156315471006","18439.518275","1"
"0.076698422965099","-0.029021911896749","-0.019828813211785","0.00035079803691091","3144.3560068214","1"
"-0.0098394394279895","0.0049046283379211","0.0094579076743882","-0.00040201523794175","16004.370842028","1"
"0.064098371034266","-0.055515345789885","-0.079729207017385","0.038000468660772","16.997245813611","0"
"-0.019357844942905","0.019006917605594","0.0012667126324821","-0.0027077762386288","84.168630850909","1"
"-0.0045945943970417","0.0088781750977502","0.03185025917149","-0.00077242812553871","250.35751046222","1"
"-0.096158670832513","0.12630335054581","0.027289138533222","-0.002340576042277","57.45147621","1"
"-0.010835087954985","-0.00029758307334666","-0.0060587524376499","0.10296302001297","71.4411081525","0"
"0.04263008774692","-0.017090777223878","-0.0079399158843856","0.0020883737430126","3941.1418027778","1"
"-0.011160911898348","0.0079848561431372","-0.00096483386045917","-0.0024112334365995","635.64439166667","0"
"-0.0058958153728778","0.012396481702063","0.0016242632665567","0.029880424002815","45806.848441823","1"
"0.14274930324416","-0.043022761193778","0.057123624861123","-0.014518614358528","17.637463831025","1"
"-0.040928840185746","0.030088661487889","-0.0045522256965371","0.0041546779825753","2049.27835905","0"
"-0.13472152667504","0.079207758455462","0.036847268648818","0.0025573301333766","17.817161282727","0"
"-0.029060642586998","0.019416718769783","0.01098342071835","0.027382010015952","148.10414262068","1"
"-0.0022380126297746","0.0064269681870046","0.0042279697987223","-0.0012703437908662","2872.2441379325","1"
"0","0","-0.11019760653261","0.20323901215693","3.783177369025","0"
"0.022221966880726","-0.0052799610075885","-0.022834696895567","0.0036305892914516","100.28146708917","0"
"-0.03170374223203","0.028904938013292","0.016025277358669","3.0677702555084E-5","23.1444991125","1"
"-0.036374123668272","0.035054523528483","0.0067976154678253","-0.0010383428734768","1047.5458886246","1"
"-0.094891199258344","0.078722221985464","0.0020409906560827","0.0016456968510627","172.96018994182","0"
"0.089276973583263","-0.04888042164307","-0.0041151275124881","0.014893646886427","7213.8457769091","1"
"-0.066352216359448","0.038600618674357","0.012474529869315","-0.0061785458832996","722.9891796225","0"
"0","0","-0.14607148182606","-0.0055708024413222","24.3274455125","0"
"-0.28979030368579","0.15899657885569","0.055619605531985","-0.0076925115451075","471.74107775","0"
"0.066218987676373","-0.036153185147869","0.0053603137162577","0.0014457062258613","104.37095419909","1"
"-0.085722871591564","0.04517952374154","0.027444281520519","0.00036247204621292","272.3591616725","0"
"0.018671714196628","0.0068292072309032","-0.016839036659722","-1.2328947349031E-6","924.19639516556","1"
"-0.27471885128134","0.11947383105603","0.20079045197213","-0.028299251601342","242.6255462025","1"
"-0.01401024190462","0.029070653743228","-0.0026464978816142","-0.00014555057226969","7220.189957375","1"
"-0.12125855123483","0.098936798477018","0.023223250220214","-0.010026559277264","111.58438932692","1"
"0.097174710899407","-0.074594949788711","-0.00095614813585323","-0.00069689160060315","169.5447971425","1"
"-0.035046751056837","0.033992690780531","-0.012784947145996","0.00073110469580805","1751.9854657292","0"
"0.026562247671268","-1.8014799213859E-5","-0.011374421559007","0.00044632725823861","45.3663717325","1"
"-0.15897844485709","0.1077506865705","0.047246746415956","-0.0019193812708558","21695.151995163","0"
"0.052609729521301","-0.0041227747392459","-0.017791663784941","-0.0015676690669948","1870.7883564525","1"
"0.13191040847186","-0.096057680117191","-0.018672352534407","-0.002048792120424","206.08788554472","1"
"-0.059178846505991","0.049288056681886","0.0012220279956895","0.0011513981871316","28.223554476364","0"
"0.0099321885533846","8.6723432120908E-5","0.030195439424177","-0.00051047353574341","88.201840084038","1"
"-0.11891615023772","0.1110376505071","0.00028830485524219","-0.0013038684201247","2121.8199538025","0"
"0.1625492533219","-0.0056193623670439","-0.092139629295366","-0.00024007319506123","0.2672468429","1"
"0.061576265089944","-0.011728427493503","0.016270081139589","-0.026183937072551","457.19586837","1"
"-0.082395028526109","0.038757416524515","0.025417387459372","-0.0099916101015827","26.246888557045","0"
"-0.20544187525506","0.10696042545911","0.003613983280184","-0.0028603656237595","2900.0299585855","0"
"0.065885063021765","-0.0049093308962309","-0.0021482879346929","0","15.22571569","1"
"-0.022128271520873","0.006314712996455","0.0036166750203851","-0.0028201011855347","565.1547495625","0"
"-0.16037598383265","0.14705038617944","0.017548669124756","-0.0060554619266022","18369.22010936","1"
"-0.1794947864022","0.14717529327855","0.0026192695274726","-0.0057294880041306","463.5809","0"
"0.033987874024374","-0.016314037270407","-0.0092663739985382","-0.027408637854434","362.3826744025","1"
"0.082008552078631","-0.082957586355814","-0.0034753913974876","0.012856577926451","42637.261437013","0"
"-0.032622566435379","0.027674395315989","-0.00070965751337591","-0.0036921136923527","28644.559879872","0"
"-0.049017877687208","0.042729673952472","0.0090966883024489","-0.0014292097776378","174.4537332275","1"
"-0.0086563841546097","0.014104223139151","0.022364091151105","-0.0044542474835783","702.55905188","1"
"0.14496581749269","-0.063398440267293","-0.056572789913623","0.0063590979826622","3155.9676954558","1"
"0.021828696884515","-0.0022714338176507","-0.0010121400234197","0.00084292582509207","252.77451185667","1"
"-0.010981089577215","0.0032573330906318","0.0049502708026355","-0.0051929685843951","278.05126874068","0"
"0.0075913623651585","-0.032672082318714","0.023202188088545","-0.0011504410845749","7071.4134026608","0"
"-0.005628528849979","-0.0023571232592704","0.019376779946737","-0.00069572774894978","61.4268460125","1"
"-0.023526522143138","0.017500140333681","0.0090103040777855","-0.0035712113057793","4371.41248328","1"
"0.0081554765819942","-0.048859703131202","0.00034364352871035","-0.0038439659414697","1407.7689530225","0"
"0.10041697396861","-0.062662350492514","-0.0049213538531284","-0.0028401435761617","12344.182454446","1"
"0.06322526314519","-0.074952331661027","-0.019145588870884","-0.0075325396778299","282.4346225","0"
"0.10351734411021","-0.034591550793694","0.014954373824158","0.00050549331781918","8.0363758","1"
"-0.030561891179262","0.020971267554699","0.0061526707705567","-0.0034208624097826","315.72160682182","0"
"0.015826487402759","-0.010682562768403","-0.068033552061262","-0.0052594284454661","43333.34","0"
"-0.011642803190911","0.0097121151124624","0.0043202064545523","0.031518825486736","37.776630485294","1"
"-0.10699822291387","0.086179882976151","-0.0023093004251837","-0.017581795943104","691.14729276556","0"
"-0.041475814797889","0.018419432280331","0.023892512120736","-0.0062096160122838","1256.13260406","1"
"0.039633818134061","0.0071543719535364","-0.019765356111378","-0.0029658334468947","33.219665026667","1"
"0.0063925144415677","-0.018674478122819","0.012342244757861","0.0019993518243792","1.4360130938222","1"
"-0.022692012861993","0.0095576070844054","-0.0021009068080084","-0.0085887415794855","148.81407743222","0"
"-0.20082059409803","0.013885865517391","0.045266074577972","5.3492827997735E-5","5274.3355235106","0"
"-0.19393642565798","0.10761955295421","0.046526397463709","0.0082857795674948","450.32927056","0"
"-0.026562917619813","0.014945442655745","0.0044769125386612","-0.012012626310491","97.9721932225","0"
"-0.091374037671963","0.031690961605432","0.056180341475464","0.0047789755697585","1207.87808019","0"
"-0.16936036511258","0.099137063465041","0.0030322422120865","0.00043300975950155","443.85178067636","0"
"-0.050413981473479","0.012698351773106","0.019913323741577","-0.0099611913686081","627.61551941","0"
"0.041471364702688","-0.023464538616092","-0.038219308789792","0.0038709179323493","42.286311697","0"
"0.11309881311448","-0.014820735304355","-0.062517846112715","-0.011875817246014","2.7538903566667","1"
"-0.03975814572346","0.017401589859225","0.035264760516773","-0.0063075717523054","25.604195666786","1"
"-0.022068626702172","0.01472079838215","0.0031250903685444","-0.0026853411917521","2262.3115863822","0"
"0.16951891789594","0.014089574349885","1.5701277743975","-1.3632358118324","5.3953615891667","1"
"-0.091758933252602","0.073930647799287","0.041355414996909","-0.0022130281001489","897.4593704625","1"
"-0.07829319669814","0.055379293833408","0.017779476380656","-0.0014531509330844","121.8836205625","0"
"-0.19309836015537","0.13967358575071","0.5019325146515","0.026054485807806","2.1937371421361","1"
"-0.32918014680774","0.27967038466443","0.042149561743283","-0.00042847329629754","964.7327995225","0"
"0.049200282965109","-0.11357546956288","-0.072234020927647","0.00012145507324291","55.455030013409","0"
"0","0","-0.14313680927915","0.0091759830574446","548.94969244472","0"
"0.020425639605763","-0.0075176910842311","-0.0059693082954071","-0.0041917530527467","250.67248211556","1"
"0.038924121775987","-0.085903533327297","-0.012697072260506","-0.003333411224161","495.65306735667","0"
"0.025489536364404","-0.0138036249602","-0.39129482087877","-0.017464918134501","51344.194039954","0"
"0.045164411018433","-0.051177902485394","-0.097486473079215","0.002862771696255","38.8578668625","0"
"-0.20276200198338","0.11665285800396","0.044777290345453","0.0084201062073422","119.70943294472","0"
"-0.020400584957313","0.0094415526940963","0.2256830876009","0.0039290058129485","132.72833414015","1"
"-0.02485609143436","0.010508802294461","-0.0039241436096889","-0.0088702486528363","848.70836276","0"
"-0.013089460226178","0.00089969037396158","-0.032881250268668","-0.0020547523289249","15.736395633269","0"
"-0.033812535675904","0.00090866532565639","-0.022506325553986","-0.0014196786659043","207.7782309275","0"
"-0.024865606802058","0.011652942203205","0.011162163026333","-0.00010416187972764","47.603368978182","0"
"-0.02703113264471","0.0014323380006168","0.02869258699642","0.0040146124516942","19768.306958982","1"
"-0.16300373046845","0.067285246270141","0.047859485816461","-0.0055079930100087","2107.6949775925","0"
"-0.37518741434817","0.1669132403062","0.081194672388664","-5.9382099469282E-5","267.86461804","0"
"0.020735818117367","-0.0017515588062216","-0.011404152660521","-0.01150555104873","366.79644177889","1"
"0.020342132118777","-0.014503619683782","0.037632134115738","-0.0027690794935522","398.45688330545","1"
"-0.078296589166379","0.057292972350176","0.028231973864092","2.409675881382E-5","1.46578205","1"
"-0.0068226464482629","-0.006072955764989","0.0056560128067971","0.0011457187676485","95.5238779525","0"
"-0.024045254692757","0.018785280373926","0.0067293460376706","0.0037922299049034","81.360136551538","1"
"0.0096428229509957","-0.0012579095939726","-0.028241447027712","-0.00017822403220466","45.023699138864","0"
"-0.095294397917523","0.013985577622258","0.047363463744308","-0.0056526982115099","826.0754127725","0"
"-0.19671470079206","0.11028811651146","0.038250826440705","-0.043069764652821","1238.59012046","0"
"-0.027299836330936","0.031573925704804","0.0039154580532425","-0.0030022012708884","66.99984625","1"
"-0.049565411932104","0.050134554229858","-0.011205681087656","-0.00085766449997578","783.26113259182","0"
"-0.054194910947331","-0.0018674942636079","-0.040379552320174","-0.0067719166454226","234.18251825","0"
"-0.093364450102161","0.0036075482025896","0.11380854195744","0.0030358740385726","84484.694279074","1"
"0.037194350029389","-0.032727160341331","0.0002318042456372","-0.00016461191769582","813.90872362977","1"
"0.040718153510107","-0.036795571358898","3.5071073759886","1.2258579409417","1.9513670209","1"
"0.030968618961294","-0.015441712066566","-0.028764064746394","-0.0026173259877203","12297.317981659","0"
"-0.040688422077313","0.01130263398958","0.025645144112073","-0.018024400461416","128.49384433727","0"
"-0.0034610158378501","-0.0049679908891577","0.0081268000254378","4.5336726916529E-5","287.1325388625","0"
"-0.014304178333628","0.015402059937781","0.0073513842010826","-0.013395187341583","2236.9139420358","1"
"0.33937001783407","-0.31450564400577","-0.10468489839993","0.0022928108167276","10.1290842025","0"
"-0.24062949371279","0.17290097394024","0.019445199108321","-0.003023096254699","45.252561408654","0"
"0.067227059160183","-0.025413682116075","-0.02894304697301","0.0050992847661282","1921.3183394167","1"
"0.077002627849698","-0.075275784225371","-0.0051569736490614","-0.0022069542073346","223.6813285","0"
"0.0049112495006105","-0.0069237708260675","-0.0040317882711739","-0.0089418501552941","67.700004289773","0"
"-0.25045972396149","0.11579587291643","0.083233162542141","0.037898624779934","26.998671306036","0"
"0.11000955094395","-0.02734924351646","-0.0037107647607523","0.0018020653718301","65.761027804444","1"
"-0.085703256315882","0.05262777266249","0.015587363171477","-0.0017971305399695","6327.4089156725","0"
"-0.0019288290208287","0.0089598937531879","0.0091328033342912","0.015661803870055","5.4387136275","1"
"0.013239226060138","-0.016402780361238","-0.052630455582802","0.010846543534203","860.41084093","0"
"-0.20039019752531","0.13756286778837","0.055417257859015","-0.0013487639635462","271.22105809","0"
"0.016130119821682","-0.0089156167860587","-0.027735913606662","-0.0036285667053471","549.5655539625","0"
"-0.32522038452951","0.22280191015432","0.073756000295988","0.0056274740985118","305.35538128583","0"
"0.029803385702044","-0.0038923341312993","-0.01693509017139","0.0047889178467511","12.9083817","1"
"0.022453601586763","-0.034450400499968","-0.0018277971573678","-0.0010613095823909","1229.3116901127","0"
"-0.23161735335081","0.023957946907221","0.11592491597809","0.012955090290341","669.5626012625","0"
"-0.29225531883945","0.21215465058019","0.048922806329099","-0.0017369043174268","245.67428928977","0"
"0.098596715868445","-0.037684220185104","-0.013303318141344","-0.011688545862039","17350.010919404","1"
"-0.046636252880388","0.0250337369702","0.0078237072548848","-0.0023596742550115","177.84753744889","0"
"-0.022469986344924","0.010473871003674","-0.045305676514758","0.001503104905031","21.362983955833","0"
"-0.0030232017335766","0.0033305410455343","-0.0014459856429282","-0.00037505243941527","77.78887157","0"
"-0.00749233934515","0.017862652043631","-0.013640862952887","-0.00087359493934483","670.5421494525","0"
"-0.024097734272079","0.0083248940324542","0.0092339198271387","-0.016606160907863","11534.54561649","0"
"-0.016823869302224","-0.015165391967515","0.00080735260737894","-0.00068344842139199","22.9666576125","0"
"0.025248663630559","-0.036569957422913","0.0074002051307136","-0.015749693131596","306.83659081361","0"
"0.066905372387042","-0.05100501589708","-0.01180615502905","0.00061901456551101","240.90858912111","1"
"0.0082081797237397","0.0019555203597978","0.008128751216002","-0.0012408981812644","24.502996660833","1"
"-0.11814171568356","0.056626478811321","-0.010451604408777","0.000150995705257","41.740141980909","0"
"-0.11364844280124","0.084216977168635","0.0057474179442312","0.00034909813348077","622.35942740667","0"
"0","0","-0.038411239979189","-0.01626932334662","17.201577346475","0"
"-0.17003870799497","0.11824616194464","-0.021239554576593","-0.083686502519814","45.70209674","0"
"-0.0051792382408673","0.0044336656298783","0.018541408786957","0.0059957073642873","255.31086959523","1"
"-0.044362912944404","0.030474194428397","-0.0034524673652796","-0.0031217447197848","60.723998181818","0"
"-0.023689929924119","-0.010611923622885","-0.0046489007523866","0.00095189382365702","111.81414318","0"
"-0.31738708661271","0.2754407063218","0.018269182811912","-0.03160104843973","484.24692275886","0"
"0.00020413240488713","-0.017045395313423","0.017181961573751","-0.034056482467526","4386.9907053757","1"
"0.22577181280775","-0.057303723722847","-0.2241637686672","0.11416395994643","1.6237344068444","0"
"-0.14502126978884","0.072680900056572","0.058803116266813","-0.0050858759694995","376.4560602225","0"
"-0.22874502292953","0.13636354688557","0.056188954686913","0.0031049832285178","231.69032317308","0"
"-0.0059345061947831","0.0076133502171823","-0.0041561761611756","0.0034533428442266","126254.07335833","0"
"0.010914197199528","-0.0030608526956773","-0.0023098268902472","-0.0023621465911749","2.228195574775","1"
"0.20576615324005","-0.13917032652451","-0.065880643904466","0.019439122591947","1111.2942187661","1"
"0.026240353195471","-0.015542157538013","0.0035822687025022","-0.0030000845441663","3233.9072269825","1"
"-0.21369969154286","0.021805427336972","0.37831084575658","0.0027122481009587","362.94842788889","1"
"-0.088704502005963","0.00073798317163788","0.091504147580165","-0.0061599211116128","1505.3004026767","1"
"0.013931763381465","-0.019871572610195","0.029301800549164","-0.002197167304218","95.318384141818","1"
"-0.1537177413667","0.16370945746589","-0.14765474228067","0.0036039249383654","11.115989737136","0"
"-0.29750307065673","0.23345119957651","0.03694619291335","-0.0056435177270153","204.79810008273","0"
"-0.0056809628025568","0.0026456617452873","0.038827398170337","-0.0047698307602539","62.530524638571","1"
"-0.031716184787674","0.074122898055811","0.0067769952652466","0.0050221078890462","61.596914060833","1"
"-0.07474805812369","0.021777817421119","0.029072698853491","0.002304547173056","14.106694730909","0"
"-0.019924528486191","0.016808970425391","0.064499693162419","0.0030921008076101","494.2045938525","1"
"-0.078362839731116","0.060913401381146","0.014026498393861","0.0038015260081677","108.1824260125","0"
"-0.15244667653944","0.13053284966507","-0.0030639130893039","-0.0078046767243599","64.818833284444","0"
"0.029549565515717","-0.027959703218627","-0.0097901979447336","-0.0029579883111646","20.23693499","0"
"-0.022119858051419","0.075353535134508","-0.052102944429182","-0.0041017645911708","32133.054697618","1"
"0.082335665602712","-0.071067230037341","-0.067255063018865","0.0021419027136873","1.97182845","0"
"-0.049073446323288","0.047179573226425","0.002389793514492","-0.00135614306361","7228.59501289","1"
"-0.0034562622766219","0.0011314825626881","-0.098153319111465","-0.016210306902924","60.186794923333","0"
"0.024619758907099","0.0045162832972872","-0.050729759151523","0.0050333837369063","566.4936569225","0"
"-0.097180260154799","0.0054137212126108","0.066153774909359","-0.0097514222273517","149.1437190125","0"
"-0.13309506975365","0.08586033883427","0.057418463480966","0.0016795065522343","21.613255743333","1"
"0.001953895821499","0.0028884283936845","-0.033799304954399","-0.082256136008762","538542.36613689","0"
"0.0051469233466177","-0.0065483492889427","0.0040648052845799","-0.0029166933787215","1737.3327964286","1"
"-0.044326954832519","0.023781853107128","0.022469931244744","-0.0080852717984917","29.196406126667","1"
"0.2334297881347","-0.11750887515654","-0.0059667959886543","-0.0063140564569334","8.7725286766667","1"
"0.0024119223292495","-0.01165888858338","0.017328773389777","-0.0020796574099888","11.7832421025","1"
"-0.0071937500488065","-0.0003306515185267","-0.00083865938512863","0.0092662907410819","532.51393511481","0"
"0.11481098743311","-0.11244144520824","-0.022827364351098","0.018835307557603","2242.354","0"
"-0.051734274415815","0.038673495364015","0.011910052452037","-0.0003769748105489","114.52427536364","0"
"-0.023634673060121","0.00432318479211","0.012926633106891","-0.010091582281985","143234.2345","0"
"-0.068126830514677","0.062622266373965","0.072927125496293","-0.018352934704096","3.5976453352273","1"
"0","0","-0.0099185034549804","-0.0066878178414708","0.72062013543333","0"
"0.044204178469841","-0.023862767996247","-0.0063721368942242","-0.0047640895849575","382.3540372125","1"
"0.0091334603570523","0.0043058216155204","0.057330781039662","0.54093001173812","58.10194594","1"
"0.1087240301526","-0.018054789483361","-0.16277050637503","-0.027082308632882","174.72532151293","0"
"-0.089865385574984","0.00024289637279017","-0.053614970789132","0.0035244117844382","238.15060386614","0"
"0.029655652019456","-0.035117608571982","0.0089306673034159","-0.0013445452653002","1230.482525","1"
"0","0","-0.25061818668772","-0.35883270970446","2.5017775614182","0"
"-0.068826060067298","0.065018818207113","0.015448671544542","0.00067776885936089","139.5738801225","1"
"0.055696470195579","-0.0032248400815474","-0.08398963458551","-0.026120446384973","111.8364671275","0"
"0.0093639563617513","0.0011418862976722","-0.066977730759543","0.014919359123775","369.38993379481","0"
"0.010863305315333","-0.030313022344802","-0.051751413691851","-0.0057791774065698","1940.6978422925","0"
"0.050979865298276","-0.0040327586126447","0.0037108553616945","0.0088272862890788","1679.57372314","1"
"0.022379273193151","-0.015036637063124","0.0008767566961267","-0.0046571939933966","3774.2893006625","1"
"-0.0074274982815076","0.0079700207780186","-0.057857955521892","0.0017728686214581","16.394643737003","0"
"-0.16524873829268","0.17405289685311","-0.049305296410179","-0.04092726042567","266.61284334","0"
"0.02338477629978","-0.013443011691358","-0.0067509289378794","0.012369524432012","7348.0339400278","1"
"-3.0855008774766","0.043757999085231","0.60024318461106","0.033485167375122","0.23693205669167","0"
"0.068046643204319","-0.0071890752422663","-0.0015640806769684","0.033675353734636","2561.7061605358","1"
"-6.1277007091562E-5","-0.0016929732764136","-0.0024737266224297","0.0027716693479274","33.12735988","0"
"0.075190006824429","-0.051920235897805","0.054471907008459","-0.028497794273412","9210.8658034447","1"
"0.13305165035484","-0.10474939985329","-0.037687353056224","0.03175085341178","2.66542696","0"
"-0.0095943202560849","0.0063253427224016","0.009133465015818","-0.00085228945523063","592.2764","1"
"-0.14273092913676","0.14978327306474","0.0092692047688658","-0.024244186654873","12.459970655833","1"
"-0.059024434804504","-0.018878365935451","-0.014190401334854","-0.0003160473501405","0.79115898777778","0"
"-0.067024439540034","0.062254859222216","0.010096959341217","-0.0017981781015859","793.64973104","1"
"0.037645442191264","-0.0034862435265916","-0.011341628675312","0.030785511224162","12480.637830367","1"
"0.012286886971164","-0.0016400056128534","-0.075828238215103","-0.0027319025214735","46.4480341525","0"
"0.13070279163273","-0.073966983458295","-0.089476767020063","-0.082175688597473","5.1336917679173","0"
"0.054665291453917","-0.036764085537549","0.013362026849528","-0.061231543152885","40.241994646944","1"
"-0.063409564294589","0.027537973105612","0.017976714777716","-0.0040146972642976","1265.9445402933","0"
"-0.036995699938309","0.0096546486892994","0.019581682207428","0.026918686320152","23385.785","0"
"-0.037841527302795","-0.0042543578205111","0.05064324942804","0.0081029051239062","65.2085831","1"
"-0.010693459904161","0.0016894058091442","0.02173713403905","-0.030514319221447","147.40871260795","1"
"0.67436517090833","-0.4183697357681","-0.089602352782583","0.013018633728652","171.71026329","1"
"-0.01061224287663","-0.030755408427087","0.00076504441280598","0.0079800602757007","2320.1841515308","0"
"0","0","-0.021672092072299","0.032742758910316","1.8817433188636","0"
"-0.013495553014042","-0.0034729900474542","0.0064208052681064","0.00019706218103057","64.428062991389","0"
"0.011992648542768","0.0072655033769116","-0.018294248549544","-0.00526514057125","7440.61352746","1"
"0.053132392783269","-0.026238779204663","-0.020792096343286","0.0043516745899008","52785.304891667","1"
"0.34523363532536","-0.23866533535551","-0.19093779340108","-0.00019459985405011","12.2834408625","0"
"0.10630879064203","-0.023225936681195","-0.081859216715466","-0.03281241852461","38.3805949375","1"
"-0.019976078712469","0.025454921381506","-0.0044436137793366","0.0017544322731072","1844.7471031656","1"
"0.13591459167531","0.0048939399073462","-0.084960230924766","0.02084399394851","44.2081472525","1"
"-0.1130563791572","0.06651860305123","0.0036120710507063","-0.0095265262041762","40.066566494545","0"
"-0.00088571000046461","-0.045799819046859","-0.014295413109607","-0.0016114363150724","580.1014693925","0"
"0.011514196827461","-0.0043332502537426","-0.020505489700063","0.0017494159148583","24.44855297","0"
"0.1146372164392","-0.092418611831456","-0.011639935341174","0.00022486822667795","28969.2091","1"
"-0.1659281745893","0.10917274527511","0.018350432862306","-0.00095442045497071","7568.2774951125","0"
"0.083844982494612","-0.035530973579151","-0.025744829557615","0.041457303965875","3712.5554545455","1"
"-0.082404052560377","0.015088276338868","-0.032060234289327","0.0091099414741605","311.51777886536","0"
"0.013209533590337","0.056070538008193","0.09358256067201","0.0084329826405236","33.93604353","1"
"-0.047684598471855","0.029797993307592","-0.0046027772863933","-0.0017663094849415","826.99924763273","0"
"-0.05655124852533","0.044012570682005","0.018829390141417","0.0050694240813754","2817.91387625","1"
"0.0078734203679528","-0.0025061596029627","0.0038386996415236","-0.0065982343110035","4361.9086375","1"
"-0.30198720935911","0.25202903290282","0.012093864456535","0.0086416507619767","29091.36","0"
"-0.039754650850995","-0.0071913144031774","0.0034064485345003","0.0040146336579451","321.80792031","0"
"0.0666316961105","-0.00044401545481603","-0.41448955845259","0.0020025624256493","528.4526813","0"
"0.14467852168701","-0.106116867432","-0.044307452283537","-0.0016423501988079","15.610554535833","0"
"-0.07677902077315","0.0070446722875447","0.03004151450001","0.0083935706493484","115.92812045","0"
"-0.089987676331886","0.054265895643577","0.028718313558987","-0.019150117198694","8.07217965","0"
"0.042139459443971","-0.014308161348519","-0.0066639800800439","0.0020004512863681","35399.872169986","1"
"0.012947177326573","-0.044878042291265","0.006224566543082","-0.00045596206704732","129.32494678028","0"
"-0.027893583312898","0.034452732753052","0.065160599475142","0.00032901283237018","14.516678840278","1"
"-0.043721806670575","0.068696221762879","-0.03686721460062","0.00042992565741266","47.58423469","0"
"0.00095880199694653","-0.0024298681266462","-0.020857182713338","0.00056940809822508","30.237620258864","0"
"0.06841688682499","-0.054642541787479","0.0046679073166709","-0.0012383593637703","2267.8097652498","1"
"-0.03880426310063","0.039140072140611","0.046240917499473","-0.0085771112131079","50.986330089167","1"
"0.13360642176183","-0.079929762274456","-0.004715160037804","0.029972268350704","91.727250488214","1"
"-0.19993991780783","0.06382908953195","0.19536771309031","0.0042773260231571","3.5997200141667","1"
"-0.22793604918982","0.19769746727229","0.0081061504873278","0.00062055418271951","345.57257372068","0"
"0.018457519141738","-0.0020618407847633","-0.013271657944408","0.0026581670379921","1478.3280804358","1"
"0.01770674252213","-0.0075972303181565","-0.10386589325721","0.0046922595651346","820.17804764472","0"
"0","0.01224131305923","0.20950920340978","0.30354167133559","0.882606479525","1"
"-0.022391891853468","0.0080006397695739","0.0074057169187908","-0.0014386612385465","2.8728643297727","0"
"5.7190945067176E-5","0.0045477123228107","-0.0031330602830371","-0.092098837322505","408.79425693083","1"
"0.038392576946024","-0.011788724017285","-0.11548575261432","0.019193442515507","32.660521346944","0"
"-0.32385936027135","0.30240621214498","0.026485341115421","0.00049139547594364","379.23525524795","1"
"0.20664069992378","-0.20535498133571","-0.12908307731407","-0.0015366111538657","3.5961034491667","0"
"0.025915637321186","0.0070056206078796","-0.0068946715328828","0.00048153515860467","9.9325066622977","1"
"0.12608740002647","-0.081070575479086","-0.023896115669121","0.0043441762055659","43.795842895833","1"
"-0.044954037761372","0.027062404318865","0.016132046509135","-0.004482997943671","1138.1665247454","0"
"-0.042742165627408","0.030420295952444","0.010659137276269","0.00068966425394425","38.36126716","0"
"-0.066845248851591","0.05044315648841","-0.030342182365072","0.0062996370933746","137.6595817525","0"
"-0.029461715849669","0.015515165006044","-0.053583163545389","0.012213686995652","163.91172670583","0"
"-0.20781258503678","0.1942987235972","0.01677312938747","-0.0021097675234568","148.50336047523","1"
"0.021496170475881","0.0021608873737817","0.0042161812167494","0.0068749414694446","935.24827713159","1"
"0.046540696151742","-0.036188816495087","5.5534212216324E-6","0.00032237925331409","8717.3850638003","1"
"-0.24904446041467","0.18404882242447","0.061678154281208","0.0023093251088079","15148.0025","0"
"-0.10028077862746","0.093149820654193","0.014291036634744","-0.036168288468651","13.236713217885","1"
"0","0","0.054431372038723","0.0014126182760914","0.9830230525","1"
"0.087311104387957","-0.032328883419596","-0.042894257044088","0.047049889168086","11.199070751111","1"
"0.0015953867958679","0.0077315713545486","0.002158887052135","-0.016502294115502","531.81985165341","1"
"-0.053660150095709","0.030755308569949","0.022682720977934","0.021949253542282","1649.8530263333","0"
"0.028028870261717","0.0032923534798988","-0.021797055896829","-0.059171454402615","6891.2063427151","1"
"0.023753134227751","-0.029806156119735","-0.0093046767141856","0.029768861175954","2017008.4158592","0"
"0.17477137278762","-0.14995427991841","-0.013233380088478","0.0079260237780713","3274.25","1"
"-0.044826396840794","0.0167855625425","0.001404754425534","-0.0037306832903383","520.56093333333","0"
"0.063417656102078","-0.0205275007148","-0.063491403738371","-0.0028765634837681","3.0181298780556","0"
"0.033009339944348","-0.02016001843346","0.0043245763046434","-0.1515356945874","85.416001229167","1"
"-0.013618528032722","0.026329475731727","0.021563958466277","-0.013932391954507","173.08106748","1"
"-0.015777973225704","-0.016749405655294","-0.043784491789478","-0.0091130579866101","130.06687626909","0"
"0.026931035559387","0.00022797653490125","-0.014115649687584","0.024440709656012","1008.26642194","1"
"-0.011452686476036","0.014383137332736","0.00026377902546137","-0.0071977399749432","383.17965364694","1"
"-0.011960088909345","0.059852592687106","0.0040569072063017","0.0086980906166091","8.4585337142857","1"
"0.0095231953427443","-0.00975826297531","-0.0065692254027747","0.0044323778717691","46.0882410825","0"
"0","0","-0.034254230630931","0.0030003658730312","11.38358075","0"
"0.065871472142475","-0.010346143266716","-0.018073578414747","0.0043703776448959","200.53315858286","1"
"-0.0051226786815586","-0.007047119980559","-0.0085988122368319","0.0030507702538901","455.46394628727","0"
"-0.023584788377584","0.0077519837197559","-0.008411057820132","0.021504137037185","191.62464224","0"
"0","0","-0.089471695552217","1.0831342202581","1.0114946952273","0"
"-0.045464135139379","0.00054485176036876","0.049337989094238","0.0067076528391126","89.265124408382","1"
"-0.027990284066219","0.00034198667460613","0.022119348351889","0.0052967928039412","8887396.8952155","0"
"-0.016057617777923","0.00793101725985","-0.0044477837544923","-0.0073961506873207","208677.81416667","0"
"-0.029411417292008","0.016622836955976","0.0036087079724894","0.0022558456121879","34.61513554","0"
"0.016127836818227","-0.0094356211745259","0.0046233463692002","0.0028816355911911","49.709772727273","1"
"0.069111299986818","-0.041383171503091","0.029917027016428","-0.05893120098231","200.99609199139","1"
"-0.093373191268781","0.0066793773528799","0.041377362925982","0.0009197532816595","2.0757225822222","0"
"-0.095571193557043","0.096998617910017","0.021355282690648","-0.0023412122671013","40.6897815525","1"
"0.01703985988873","-0.0005008652436551","0.017354492094764","-0.0024038690276376","1035.1586535714","1"
"-0.027404832856952","0.013850169885643","0.014571548110881","-0.00080076530138278","1478.7734047247","1"
"0.011069487743437","-0.013920728017773","-0.0039431292590235","0.0031761975368719","344.28274463273","0"
"0.048755534573823","-0.021915105384447","-0.025553730841262","-0.020622032351877","17439149.71","1"
"-0.027715463408756","0.0060929838619337","0.040881970351847","0.050670488523992","1836.8291191625","1"
"0.017649928177969","-0.017563685731718","0.0064771812198904","-0.012651122852213","8.8581353856795","1"
"0.10477315537444","-0.08686508837164","0.0074778252792561","0.0018460817966985","1711.7071391358","1"
"-0.033778117338683","0.029044579728317","0.043138742135683","0.22736127833814","6.70214128815","1"
"0.0052894234593796","0.016452986046186","0.008494232420618","0.00024622058433517","71.2074307525","1"
"0.0034740878444156","0.0067887611718277","-0.0049750115410058","0.0031636961972777","51.713661411429","1"
"-0.12026502113339","0.047429724788525","0.052975759407119","-0.16011129691178","3626.8515415556","0"
"-0.050421829604831","0.063202333932991","0.0091705638726309","-0.041594961596183","10538.93063954","1"
"-0.025366418661542","0.021937697279192","-0.0054045824303819","0.00020074715911478","26.119352993409","0"
"-0.152099759342","0.13922036108439","0.010814319662456","0.002843599084317","11.606831317885","0"
"0.017714858089953","-0.0064187193519893","0.0062300922349226","-0.0043592871155953","1969.33756901","1"
"-0.03074283235542","0.0070330973539689","-0.013141601335503","0.0025286438242695","1.2354708717308","0"
"0.0051879692513873","-0.025800920717252","-0.00097113679630217","0.0061886913686807","77.680184024722","0"
"0.094259230949724","-0.0028715737229462","0.030057003564477","0.03378897386481","5187.2902432456","1"
"-0.049073446323288","0.047179573226425","0.002389793514492","-0.00135614306361","7228.59501289","1"
"-0.20879807615474","0.10066027472625","0.13511589504661","0.011934400499177","7.7529165891667","1"
"0.079729011570291","-0.0038810959368822","-0.024744612948469","0.012861599125025","41.858874400247","1"
"0.022692965346209","-0.0098720716638043","-0.18512744551959","-0.058656637649793","27.16947391","0"
"0.019601023356717","0.054532928717751","0.029755126134389","0.0014125927010695","7.6090700025","1"
"-0.0299440766199","0.023607473407282","-0.014101340059226","-0.00014052346855082","37.59308746","0"
"-0.091284400476264","0.06528944063751","0.0074687702208452","0.00012557391176054","1903.8777684725","0"
"-0.011347627558431","0.03991185076356","-0.0073507763317189","0.0019117649087428","1.4185013190091","1"
"-0.11645148095782","0.078735063316442","0.042457706954508","-0.00072536171274455","1.4107829167857","1"
"0.042648339092295","-0.03015631590196","-0.0066765517169681","-0.0011663070551203","60.917202473333","1"
"-0.0042292099464638","0.02318125103864","-0.00046691913407888","-0.0077281135857107","2.05589765","1"
